"","taxa","site","habitat","transect_id","year","period","n_recruits","recruits_std","bleaching_status"
"1","Acr","LTER1","Lagoon","LTER1_BR_T01",2013,0,1,1,"Pre"
"2","Acr","LTER1","Lagoon","LTER1_BR_T01",2014,0,2,2,"Pre"
"3","Acr","LTER1","Lagoon","LTER1_BR_T01",2015,0,0,0,"Pre"
"4","Acr","LTER1","Lagoon","LTER1_BR_T01",2016,0,0,0,"Pre"
"5","Acr","LTER1","Lagoon","LTER1_BR_T01",2017,0,NA,NA,"Pre"
"6","Acr","LTER1","Lagoon","LTER1_BR_T01",2018,0,1,1,"Pre"
"7","Acr","LTER1","Lagoon","LTER1_BR_T01",2019,1,2,2,"Post"
"8","Acr","LTER1","Lagoon","LTER1_BR_T01",2020,1,0,0,"Post"
"9","Acr","LTER1","Lagoon","LTER1_BR_T01",2021,1,3,3,"Post"
"10","Acr","LTER1","Lagoon","LTER1_BR_T01",2022,1,0,0,"Post"
"11","Acr","LTER1","Lagoon","LTER1_BR_T01",2023,1,0,0,"Post"
"12","Acr","LTER1","Lagoon","LTER1_BR_T01",2024,1,2,2,"Post"
"13","Acr","LTER1","Lagoon","LTER1_BR_T02",2013,0,0,0,"Pre"
"14","Acr","LTER1","Lagoon","LTER1_BR_T02",2014,0,0,0,"Pre"
"15","Acr","LTER1","Lagoon","LTER1_BR_T02",2015,0,0,0,"Pre"
"16","Acr","LTER1","Lagoon","LTER1_BR_T02",2016,0,0,0,"Pre"
"17","Acr","LTER1","Lagoon","LTER1_BR_T02",2017,0,NA,NA,"Pre"
"18","Acr","LTER1","Lagoon","LTER1_BR_T02",2018,0,1,1,"Pre"
"19","Acr","LTER1","Lagoon","LTER1_BR_T02",2019,1,0,0,"Post"
"20","Acr","LTER1","Lagoon","LTER1_BR_T02",2020,1,1,1,"Post"
"21","Acr","LTER1","Lagoon","LTER1_BR_T02",2021,1,0,0,"Post"
"22","Acr","LTER1","Lagoon","LTER1_BR_T02",2022,1,1,1,"Post"
"23","Acr","LTER1","Lagoon","LTER1_BR_T02",2023,1,0,0,"Post"
"24","Acr","LTER1","Lagoon","LTER1_BR_T02",2024,1,1,1,"Post"
"25","Acr","LTER1","Lagoon","LTER1_BR_T03",2013,0,0,0,"Pre"
"26","Acr","LTER1","Lagoon","LTER1_BR_T03",2014,0,0,0,"Pre"
"27","Acr","LTER1","Lagoon","LTER1_BR_T03",2015,0,0,0,"Pre"
"28","Acr","LTER1","Lagoon","LTER1_BR_T03",2016,0,0,0,"Pre"
"29","Acr","LTER1","Lagoon","LTER1_BR_T03",2017,0,NA,NA,"Pre"
"30","Acr","LTER1","Lagoon","LTER1_BR_T03",2018,0,0,0,"Pre"
"31","Acr","LTER1","Lagoon","LTER1_BR_T03",2019,1,1,1,"Post"
"32","Acr","LTER1","Lagoon","LTER1_BR_T03",2020,1,0,0,"Post"
"33","Acr","LTER1","Lagoon","LTER1_BR_T03",2021,1,2,2,"Post"
"34","Acr","LTER1","Lagoon","LTER1_BR_T03",2022,1,3,3,"Post"
"35","Acr","LTER1","Lagoon","LTER1_BR_T03",2023,1,0,0,"Post"
"36","Acr","LTER1","Lagoon","LTER1_BR_T03",2024,1,0,0,"Post"
"37","Acr","LTER1","Lagoon","LTER1_BR_T04",2013,0,0,0,"Pre"
"38","Acr","LTER1","Lagoon","LTER1_BR_T04",2014,0,1,1,"Pre"
"39","Acr","LTER1","Lagoon","LTER1_BR_T04",2015,0,0,0,"Pre"
"40","Acr","LTER1","Lagoon","LTER1_BR_T04",2016,0,1,1,"Pre"
"41","Acr","LTER1","Lagoon","LTER1_BR_T04",2017,0,NA,NA,"Pre"
"42","Acr","LTER1","Lagoon","LTER1_BR_T04",2018,0,0,0,"Pre"
"43","Acr","LTER1","Lagoon","LTER1_BR_T04",2019,1,0,0,"Post"
"44","Acr","LTER1","Lagoon","LTER1_BR_T04",2020,1,0,0,"Post"
"45","Acr","LTER1","Lagoon","LTER1_BR_T04",2021,1,0,0,"Post"
"46","Acr","LTER1","Lagoon","LTER1_BR_T04",2022,1,2,2,"Post"
"47","Acr","LTER1","Lagoon","LTER1_BR_T04",2023,1,0,0,"Post"
"48","Acr","LTER1","Lagoon","LTER1_BR_T04",2024,1,1,1,"Post"
"49","Acr","LTER1","Forereef","LTER1_OR_T01",2013,0,6,6,"Pre"
"50","Acr","LTER1","Forereef","LTER1_OR_T01",2014,0,2,2,"Pre"
"51","Acr","LTER1","Forereef","LTER1_OR_T01",2015,0,3,3,"Pre"
"52","Acr","LTER1","Forereef","LTER1_OR_T01",2016,0,3,3,"Pre"
"53","Acr","LTER1","Forereef","LTER1_OR_T01",2017,0,NA,NA,"Pre"
"54","Acr","LTER1","Forereef","LTER1_OR_T01",2018,0,7,7,"Pre"
"55","Acr","LTER1","Forereef","LTER1_OR_T01",2019,1,1,1,"Post"
"56","Acr","LTER1","Forereef","LTER1_OR_T01",2020,1,4,4,"Post"
"57","Acr","LTER1","Forereef","LTER1_OR_T01",2021,1,1,1,"Post"
"58","Acr","LTER1","Forereef","LTER1_OR_T01",2022,1,0,0,"Post"
"59","Acr","LTER1","Forereef","LTER1_OR_T01",2023,1,1,1,"Post"
"60","Acr","LTER1","Forereef","LTER1_OR_T01",2024,1,0,0,"Post"
"61","Acr","LTER1","Forereef","LTER1_OR_T02",2013,0,4,4,"Pre"
"62","Acr","LTER1","Forereef","LTER1_OR_T02",2014,0,3,3,"Pre"
"63","Acr","LTER1","Forereef","LTER1_OR_T02",2015,0,2,2,"Pre"
"64","Acr","LTER1","Forereef","LTER1_OR_T02",2016,0,2,2,"Pre"
"65","Acr","LTER1","Forereef","LTER1_OR_T02",2017,0,NA,NA,"Pre"
"66","Acr","LTER1","Forereef","LTER1_OR_T02",2018,0,0,0,"Pre"
"67","Acr","LTER1","Forereef","LTER1_OR_T02",2019,1,0,0,"Post"
"68","Acr","LTER1","Forereef","LTER1_OR_T02",2020,1,0,0,"Post"
"69","Acr","LTER1","Forereef","LTER1_OR_T02",2021,1,0,0,"Post"
"70","Acr","LTER1","Forereef","LTER1_OR_T02",2022,1,1,1,"Post"
"71","Acr","LTER1","Forereef","LTER1_OR_T02",2023,1,0,0,"Post"
"72","Acr","LTER1","Forereef","LTER1_OR_T02",2024,1,1,1,"Post"
"73","Acr","LTER1","Forereef","LTER1_OR_T03",2013,0,2,2,"Pre"
"74","Acr","LTER1","Forereef","LTER1_OR_T03",2014,0,0,0,"Pre"
"75","Acr","LTER1","Forereef","LTER1_OR_T03",2015,0,1,1,"Pre"
"76","Acr","LTER1","Forereef","LTER1_OR_T03",2016,0,1,1,"Pre"
"77","Acr","LTER1","Forereef","LTER1_OR_T03",2017,0,NA,NA,"Pre"
"78","Acr","LTER1","Forereef","LTER1_OR_T03",2018,0,4,4,"Pre"
"79","Acr","LTER1","Forereef","LTER1_OR_T03",2019,1,0,0,"Post"
"80","Acr","LTER1","Forereef","LTER1_OR_T03",2020,1,1,1,"Post"
"81","Acr","LTER1","Forereef","LTER1_OR_T03",2021,1,0,0,"Post"
"82","Acr","LTER1","Forereef","LTER1_OR_T03",2022,1,1,1,"Post"
"83","Acr","LTER1","Forereef","LTER1_OR_T03",2023,1,0,0,"Post"
"84","Acr","LTER1","Forereef","LTER1_OR_T03",2024,1,0,0,"Post"
"85","Acr","LTER1","Forereef","LTER1_OR_T04",2013,0,7,7,"Pre"
"86","Acr","LTER1","Forereef","LTER1_OR_T04",2014,0,2,2,"Pre"
"87","Acr","LTER1","Forereef","LTER1_OR_T04",2015,0,1,1,"Pre"
"88","Acr","LTER1","Forereef","LTER1_OR_T04",2016,0,0,0,"Pre"
"89","Acr","LTER1","Forereef","LTER1_OR_T04",2017,0,NA,NA,"Pre"
"90","Acr","LTER1","Forereef","LTER1_OR_T04",2018,0,3,3,"Pre"
"91","Acr","LTER1","Forereef","LTER1_OR_T04",2019,1,0,0,"Post"
"92","Acr","LTER1","Forereef","LTER1_OR_T04",2020,1,0,0,"Post"
"93","Acr","LTER1","Forereef","LTER1_OR_T04",2021,1,0,0,"Post"
"94","Acr","LTER1","Forereef","LTER1_OR_T04",2022,1,0,0,"Post"
"95","Acr","LTER1","Forereef","LTER1_OR_T04",2023,1,0,0,"Post"
"96","Acr","LTER1","Forereef","LTER1_OR_T04",2024,1,0,0,"Post"
"97","Acr","LTER2","Lagoon","LTER2_BR_T01",2013,0,1,1,"Pre"
"98","Acr","LTER2","Lagoon","LTER2_BR_T01",2014,0,0,0,"Pre"
"99","Acr","LTER2","Lagoon","LTER2_BR_T01",2015,0,0,0,"Pre"
"100","Acr","LTER2","Lagoon","LTER2_BR_T01",2016,0,0,0,"Pre"
"101","Acr","LTER2","Lagoon","LTER2_BR_T01",2017,0,NA,NA,"Pre"
"102","Acr","LTER2","Lagoon","LTER2_BR_T01",2018,0,0,0,"Pre"
"103","Acr","LTER2","Lagoon","LTER2_BR_T01",2019,1,1,1,"Post"
"104","Acr","LTER2","Lagoon","LTER2_BR_T01",2020,1,1,1,"Post"
"105","Acr","LTER2","Lagoon","LTER2_BR_T01",2021,1,0,0,"Post"
"106","Acr","LTER2","Lagoon","LTER2_BR_T01",2022,1,1,1,"Post"
"107","Acr","LTER2","Lagoon","LTER2_BR_T01",2023,1,0,0,"Post"
"108","Acr","LTER2","Lagoon","LTER2_BR_T01",2024,1,0,0,"Post"
"109","Acr","LTER2","Lagoon","LTER2_BR_T02",2013,0,0,0,"Pre"
"110","Acr","LTER2","Lagoon","LTER2_BR_T02",2014,0,5,5,"Pre"
"111","Acr","LTER2","Lagoon","LTER2_BR_T02",2015,0,0,0,"Pre"
"112","Acr","LTER2","Lagoon","LTER2_BR_T02",2016,0,0,0,"Pre"
"113","Acr","LTER2","Lagoon","LTER2_BR_T02",2017,0,NA,NA,"Pre"
"114","Acr","LTER2","Lagoon","LTER2_BR_T02",2018,0,1,1,"Pre"
"115","Acr","LTER2","Lagoon","LTER2_BR_T02",2019,1,1,1,"Post"
"116","Acr","LTER2","Lagoon","LTER2_BR_T02",2020,1,1,1,"Post"
"117","Acr","LTER2","Lagoon","LTER2_BR_T02",2021,1,0,0,"Post"
"118","Acr","LTER2","Lagoon","LTER2_BR_T02",2022,1,0,0,"Post"
"119","Acr","LTER2","Lagoon","LTER2_BR_T02",2023,1,0,0,"Post"
"120","Acr","LTER2","Lagoon","LTER2_BR_T02",2024,1,0,0,"Post"
"121","Acr","LTER2","Lagoon","LTER2_BR_T03",2013,0,0,0,"Pre"
"122","Acr","LTER2","Lagoon","LTER2_BR_T03",2014,0,0,0,"Pre"
"123","Acr","LTER2","Lagoon","LTER2_BR_T03",2015,0,0,0,"Pre"
"124","Acr","LTER2","Lagoon","LTER2_BR_T03",2016,0,0,0,"Pre"
"125","Acr","LTER2","Lagoon","LTER2_BR_T03",2017,0,NA,NA,"Pre"
"126","Acr","LTER2","Lagoon","LTER2_BR_T03",2018,0,1,1,"Pre"
"127","Acr","LTER2","Lagoon","LTER2_BR_T03",2019,1,0,0,"Post"
"128","Acr","LTER2","Lagoon","LTER2_BR_T03",2020,1,0,0,"Post"
"129","Acr","LTER2","Lagoon","LTER2_BR_T03",2021,1,0,0,"Post"
"130","Acr","LTER2","Lagoon","LTER2_BR_T03",2022,1,0,0,"Post"
"131","Acr","LTER2","Lagoon","LTER2_BR_T03",2023,1,0,0,"Post"
"132","Acr","LTER2","Lagoon","LTER2_BR_T03",2024,1,0,0,"Post"
"133","Acr","LTER2","Lagoon","LTER2_BR_T04",2013,0,0,0,"Pre"
"134","Acr","LTER2","Lagoon","LTER2_BR_T04",2014,0,0,0,"Pre"
"135","Acr","LTER2","Lagoon","LTER2_BR_T04",2015,0,1,1,"Pre"
"136","Acr","LTER2","Lagoon","LTER2_BR_T04",2016,0,1,1,"Pre"
"137","Acr","LTER2","Lagoon","LTER2_BR_T04",2017,0,NA,NA,"Pre"
"138","Acr","LTER2","Lagoon","LTER2_BR_T04",2018,0,0,0,"Pre"
"139","Acr","LTER2","Lagoon","LTER2_BR_T04",2019,1,1,1,"Post"
"140","Acr","LTER2","Lagoon","LTER2_BR_T04",2020,1,0,0,"Post"
"141","Acr","LTER2","Lagoon","LTER2_BR_T04",2021,1,0,0,"Post"
"142","Acr","LTER2","Lagoon","LTER2_BR_T04",2022,1,0,0,"Post"
"143","Acr","LTER2","Lagoon","LTER2_BR_T04",2023,1,0,0,"Post"
"144","Acr","LTER2","Lagoon","LTER2_BR_T04",2024,1,0,0,"Post"
"145","Acr","LTER2","Forereef","LTER2_OR_T01",2013,0,4,4,"Pre"
"146","Acr","LTER2","Forereef","LTER2_OR_T01",2014,0,0,0,"Pre"
"147","Acr","LTER2","Forereef","LTER2_OR_T01",2015,0,0,0,"Pre"
"148","Acr","LTER2","Forereef","LTER2_OR_T01",2016,0,6,6,"Pre"
"149","Acr","LTER2","Forereef","LTER2_OR_T01",2017,0,NA,NA,"Pre"
"150","Acr","LTER2","Forereef","LTER2_OR_T01",2018,0,5,5,"Pre"
"151","Acr","LTER2","Forereef","LTER2_OR_T01",2019,1,0,0,"Post"
"152","Acr","LTER2","Forereef","LTER2_OR_T01",2020,1,4,4,"Post"
"153","Acr","LTER2","Forereef","LTER2_OR_T01",2021,1,2,2,"Post"
"154","Acr","LTER2","Forereef","LTER2_OR_T01",2022,1,1,1,"Post"
"155","Acr","LTER2","Forereef","LTER2_OR_T01",2023,1,2,2,"Post"
"156","Acr","LTER2","Forereef","LTER2_OR_T01",2024,1,0,0,"Post"
"157","Acr","LTER2","Forereef","LTER2_OR_T02",2013,0,3,3,"Pre"
"158","Acr","LTER2","Forereef","LTER2_OR_T02",2014,0,0,0,"Pre"
"159","Acr","LTER2","Forereef","LTER2_OR_T02",2015,0,3,3,"Pre"
"160","Acr","LTER2","Forereef","LTER2_OR_T02",2016,0,4,4,"Pre"
"161","Acr","LTER2","Forereef","LTER2_OR_T02",2017,0,NA,NA,"Pre"
"162","Acr","LTER2","Forereef","LTER2_OR_T02",2018,0,4,4,"Pre"
"163","Acr","LTER2","Forereef","LTER2_OR_T02",2019,1,0,0,"Post"
"164","Acr","LTER2","Forereef","LTER2_OR_T02",2020,1,2,2,"Post"
"165","Acr","LTER2","Forereef","LTER2_OR_T02",2021,1,2,2,"Post"
"166","Acr","LTER2","Forereef","LTER2_OR_T02",2022,1,0,0,"Post"
"167","Acr","LTER2","Forereef","LTER2_OR_T02",2023,1,1,1,"Post"
"168","Acr","LTER2","Forereef","LTER2_OR_T02",2024,1,0,0,"Post"
"169","Acr","LTER2","Forereef","LTER2_OR_T03",2013,0,1,1,"Pre"
"170","Acr","LTER2","Forereef","LTER2_OR_T03",2014,0,4,4,"Pre"
"171","Acr","LTER2","Forereef","LTER2_OR_T03",2015,0,2,2,"Pre"
"172","Acr","LTER2","Forereef","LTER2_OR_T03",2016,0,0,0,"Pre"
"173","Acr","LTER2","Forereef","LTER2_OR_T03",2017,0,NA,NA,"Pre"
"174","Acr","LTER2","Forereef","LTER2_OR_T03",2018,0,6,6,"Pre"
"175","Acr","LTER2","Forereef","LTER2_OR_T03",2019,1,1,1,"Post"
"176","Acr","LTER2","Forereef","LTER2_OR_T03",2020,1,4,4,"Post"
"177","Acr","LTER2","Forereef","LTER2_OR_T03",2021,1,2,2,"Post"
"178","Acr","LTER2","Forereef","LTER2_OR_T03",2022,1,1,1,"Post"
"179","Acr","LTER2","Forereef","LTER2_OR_T03",2023,1,2,2,"Post"
"180","Acr","LTER2","Forereef","LTER2_OR_T03",2024,1,0,0,"Post"
"181","Acr","LTER2","Forereef","LTER2_OR_T04",2013,0,9,9,"Pre"
"182","Acr","LTER2","Forereef","LTER2_OR_T04",2014,0,1,1,"Pre"
"183","Acr","LTER2","Forereef","LTER2_OR_T04",2015,0,3,3,"Pre"
"184","Acr","LTER2","Forereef","LTER2_OR_T04",2016,0,1,1,"Pre"
"185","Acr","LTER2","Forereef","LTER2_OR_T04",2017,0,NA,NA,"Pre"
"186","Acr","LTER2","Forereef","LTER2_OR_T04",2018,0,1,1,"Pre"
"187","Acr","LTER2","Forereef","LTER2_OR_T04",2019,1,2,2,"Post"
"188","Acr","LTER2","Forereef","LTER2_OR_T04",2020,1,0,0,"Post"
"189","Acr","LTER2","Forereef","LTER2_OR_T04",2021,1,3,3,"Post"
"190","Acr","LTER2","Forereef","LTER2_OR_T04",2022,1,0,0,"Post"
"191","Acr","LTER2","Forereef","LTER2_OR_T04",2023,1,0,0,"Post"
"192","Acr","LTER2","Forereef","LTER2_OR_T04",2024,1,0,0,"Post"
"193","Acr","LTER4","Lagoon","LTER4_BR_T01",2013,0,1,1,"Pre"
"194","Acr","LTER4","Lagoon","LTER4_BR_T01",2014,0,0,0,"Pre"
"195","Acr","LTER4","Lagoon","LTER4_BR_T01",2015,0,0,0,"Pre"
"196","Acr","LTER4","Lagoon","LTER4_BR_T01",2016,0,0,0,"Pre"
"197","Acr","LTER4","Lagoon","LTER4_BR_T01",2017,0,NA,NA,"Pre"
"198","Acr","LTER4","Lagoon","LTER4_BR_T01",2018,0,1,1,"Pre"
"199","Acr","LTER4","Lagoon","LTER4_BR_T01",2019,1,3,3,"Post"
"200","Acr","LTER4","Lagoon","LTER4_BR_T01",2020,1,0,0,"Post"
"201","Acr","LTER4","Lagoon","LTER4_BR_T01",2021,1,2,2,"Post"
"202","Acr","LTER4","Lagoon","LTER4_BR_T01",2022,1,1,1,"Post"
"203","Acr","LTER4","Lagoon","LTER4_BR_T01",2023,1,4,4,"Post"
"204","Acr","LTER4","Lagoon","LTER4_BR_T01",2024,1,0,0,"Post"
"205","Acr","LTER4","Lagoon","LTER4_BR_T02",2013,0,1,1,"Pre"
"206","Acr","LTER4","Lagoon","LTER4_BR_T02",2014,0,1,1,"Pre"
"207","Acr","LTER4","Lagoon","LTER4_BR_T02",2015,0,0,0,"Pre"
"208","Acr","LTER4","Lagoon","LTER4_BR_T02",2016,0,1,1,"Pre"
"209","Acr","LTER4","Lagoon","LTER4_BR_T02",2017,0,NA,NA,"Pre"
"210","Acr","LTER4","Lagoon","LTER4_BR_T02",2018,0,2,2,"Pre"
"211","Acr","LTER4","Lagoon","LTER4_BR_T02",2019,1,2,2,"Post"
"212","Acr","LTER4","Lagoon","LTER4_BR_T02",2020,1,1,1,"Post"
"213","Acr","LTER4","Lagoon","LTER4_BR_T02",2021,1,2,2,"Post"
"214","Acr","LTER4","Lagoon","LTER4_BR_T02",2022,1,2,2,"Post"
"215","Acr","LTER4","Lagoon","LTER4_BR_T02",2023,1,3,3,"Post"
"216","Acr","LTER4","Lagoon","LTER4_BR_T02",2024,1,1,1,"Post"
"217","Acr","LTER4","Lagoon","LTER4_BR_T03",2013,0,3,3,"Pre"
"218","Acr","LTER4","Lagoon","LTER4_BR_T03",2014,0,0,0,"Pre"
"219","Acr","LTER4","Lagoon","LTER4_BR_T03",2015,0,2,2,"Pre"
"220","Acr","LTER4","Lagoon","LTER4_BR_T03",2016,0,6,6,"Pre"
"221","Acr","LTER4","Lagoon","LTER4_BR_T03",2017,0,NA,NA,"Pre"
"222","Acr","LTER4","Lagoon","LTER4_BR_T03",2018,0,1,1,"Pre"
"223","Acr","LTER4","Lagoon","LTER4_BR_T03",2019,1,1,1,"Post"
"224","Acr","LTER4","Lagoon","LTER4_BR_T03",2020,1,0,0,"Post"
"225","Acr","LTER4","Lagoon","LTER4_BR_T03",2021,1,0,0,"Post"
"226","Acr","LTER4","Lagoon","LTER4_BR_T03",2022,1,1,1,"Post"
"227","Acr","LTER4","Lagoon","LTER4_BR_T03",2023,1,3,3,"Post"
"228","Acr","LTER4","Lagoon","LTER4_BR_T03",2024,1,2,2,"Post"
"229","Acr","LTER4","Lagoon","LTER4_BR_T04",2013,0,0,0,"Pre"
"230","Acr","LTER4","Lagoon","LTER4_BR_T04",2014,0,1,1,"Pre"
"231","Acr","LTER4","Lagoon","LTER4_BR_T04",2015,0,0,0,"Pre"
"232","Acr","LTER4","Lagoon","LTER4_BR_T04",2016,0,0,0,"Pre"
"233","Acr","LTER4","Lagoon","LTER4_BR_T04",2017,0,NA,NA,"Pre"
"234","Acr","LTER4","Lagoon","LTER4_BR_T04",2018,0,0,0,"Pre"
"235","Acr","LTER4","Lagoon","LTER4_BR_T04",2019,1,0,0,"Post"
"236","Acr","LTER4","Lagoon","LTER4_BR_T04",2020,1,0,0,"Post"
"237","Acr","LTER4","Lagoon","LTER4_BR_T04",2021,1,2,2,"Post"
"238","Acr","LTER4","Lagoon","LTER4_BR_T04",2022,1,0,0,"Post"
"239","Acr","LTER4","Lagoon","LTER4_BR_T04",2023,1,3,3,"Post"
"240","Acr","LTER4","Lagoon","LTER4_BR_T04",2024,1,0,0,"Post"
"241","Acr","LTER4","Forereef","LTER4_OR_T01",2013,0,2,2,"Pre"
"242","Acr","LTER4","Forereef","LTER4_OR_T01",2014,0,10,10,"Pre"
"243","Acr","LTER4","Forereef","LTER4_OR_T01",2015,0,7,7,"Pre"
"244","Acr","LTER4","Forereef","LTER4_OR_T01",2016,0,5,5,"Pre"
"245","Acr","LTER4","Forereef","LTER4_OR_T01",2017,0,NA,NA,"Pre"
"246","Acr","LTER4","Forereef","LTER4_OR_T01",2018,0,6,6,"Pre"
"247","Acr","LTER4","Forereef","LTER4_OR_T01",2019,1,0,0,"Post"
"248","Acr","LTER4","Forereef","LTER4_OR_T01",2020,1,3,3,"Post"
"249","Acr","LTER4","Forereef","LTER4_OR_T01",2021,1,2,2,"Post"
"250","Acr","LTER4","Forereef","LTER4_OR_T01",2022,1,5,5,"Post"
"251","Acr","LTER4","Forereef","LTER4_OR_T01",2023,1,0,0,"Post"
"252","Acr","LTER4","Forereef","LTER4_OR_T01",2024,1,0,0,"Post"
"253","Acr","LTER4","Forereef","LTER4_OR_T02",2013,0,4,4,"Pre"
"254","Acr","LTER4","Forereef","LTER4_OR_T02",2014,0,3,3,"Pre"
"255","Acr","LTER4","Forereef","LTER4_OR_T02",2015,0,3,3,"Pre"
"256","Acr","LTER4","Forereef","LTER4_OR_T02",2016,0,11,11,"Pre"
"257","Acr","LTER4","Forereef","LTER4_OR_T02",2017,0,NA,NA,"Pre"
"258","Acr","LTER4","Forereef","LTER4_OR_T02",2018,0,10,10,"Pre"
"259","Acr","LTER4","Forereef","LTER4_OR_T02",2019,1,1,1,"Post"
"260","Acr","LTER4","Forereef","LTER4_OR_T02",2020,1,5,5,"Post"
"261","Acr","LTER4","Forereef","LTER4_OR_T02",2021,1,5,5,"Post"
"262","Acr","LTER4","Forereef","LTER4_OR_T02",2022,1,3,3,"Post"
"263","Acr","LTER4","Forereef","LTER4_OR_T02",2023,1,2,2,"Post"
"264","Acr","LTER4","Forereef","LTER4_OR_T02",2024,1,0,0,"Post"
"265","Acr","LTER4","Forereef","LTER4_OR_T03",2013,0,3,3,"Pre"
"266","Acr","LTER4","Forereef","LTER4_OR_T03",2014,0,2,2,"Pre"
"267","Acr","LTER4","Forereef","LTER4_OR_T03",2015,0,1,1,"Pre"
"268","Acr","LTER4","Forereef","LTER4_OR_T03",2016,0,5,5,"Pre"
"269","Acr","LTER4","Forereef","LTER4_OR_T03",2017,0,NA,NA,"Pre"
"270","Acr","LTER4","Forereef","LTER4_OR_T03",2018,0,9,9,"Pre"
"271","Acr","LTER4","Forereef","LTER4_OR_T03",2019,1,2,2,"Post"
"272","Acr","LTER4","Forereef","LTER4_OR_T03",2020,1,5,5,"Post"
"273","Acr","LTER4","Forereef","LTER4_OR_T03",2021,1,3,3,"Post"
"274","Acr","LTER4","Forereef","LTER4_OR_T03",2022,1,2,2,"Post"
"275","Acr","LTER4","Forereef","LTER4_OR_T03",2023,1,5,5,"Post"
"276","Acr","LTER4","Forereef","LTER4_OR_T03",2024,1,1,1,"Post"
"277","Acr","LTER4","Forereef","LTER4_OR_T04",2013,0,1,1,"Pre"
"278","Acr","LTER4","Forereef","LTER4_OR_T04",2014,0,3,3,"Pre"
"279","Acr","LTER4","Forereef","LTER4_OR_T04",2015,0,1,1,"Pre"
"280","Acr","LTER4","Forereef","LTER4_OR_T04",2016,0,3,3,"Pre"
"281","Acr","LTER4","Forereef","LTER4_OR_T04",2017,0,NA,NA,"Pre"
"282","Acr","LTER4","Forereef","LTER4_OR_T04",2018,0,9,9,"Pre"
"283","Acr","LTER4","Forereef","LTER4_OR_T04",2019,1,0,0,"Post"
"284","Acr","LTER4","Forereef","LTER4_OR_T04",2020,1,11,11,"Post"
"285","Acr","LTER4","Forereef","LTER4_OR_T04",2021,1,0,0,"Post"
"286","Acr","LTER4","Forereef","LTER4_OR_T04",2022,1,2,2,"Post"
"287","Acr","LTER4","Forereef","LTER4_OR_T04",2023,1,3,3,"Post"
"288","Acr","LTER4","Forereef","LTER4_OR_T04",2024,1,0,0,"Post"
"289","Acr","LTER5","Lagoon","LTER5_BR_T01",2013,0,0,0,"Pre"
"290","Acr","LTER5","Lagoon","LTER5_BR_T01",2014,0,0,0,"Pre"
"291","Acr","LTER5","Lagoon","LTER5_BR_T01",2015,0,0,0,"Pre"
"292","Acr","LTER5","Lagoon","LTER5_BR_T01",2016,0,0,0,"Pre"
"293","Acr","LTER5","Lagoon","LTER5_BR_T01",2017,0,NA,NA,"Pre"
"294","Acr","LTER5","Lagoon","LTER5_BR_T01",2018,0,0,0,"Pre"
"295","Acr","LTER5","Lagoon","LTER5_BR_T01",2019,1,0,0,"Post"
"296","Acr","LTER5","Lagoon","LTER5_BR_T01",2020,1,0,0,"Post"
"297","Acr","LTER5","Lagoon","LTER5_BR_T01",2021,1,0,0,"Post"
"298","Acr","LTER5","Lagoon","LTER5_BR_T01",2022,1,0,0,"Post"
"299","Acr","LTER5","Lagoon","LTER5_BR_T01",2023,1,0,0,"Post"
"300","Acr","LTER5","Lagoon","LTER5_BR_T01",2024,1,0,0,"Post"
"301","Acr","LTER5","Lagoon","LTER5_BR_T02",2013,0,0,0,"Pre"
"302","Acr","LTER5","Lagoon","LTER5_BR_T02",2014,0,0,0,"Pre"
"303","Acr","LTER5","Lagoon","LTER5_BR_T02",2015,0,0,0,"Pre"
"304","Acr","LTER5","Lagoon","LTER5_BR_T02",2016,0,0,0,"Pre"
"305","Acr","LTER5","Lagoon","LTER5_BR_T02",2017,0,NA,NA,"Pre"
"306","Acr","LTER5","Lagoon","LTER5_BR_T02",2018,0,0,0,"Pre"
"307","Acr","LTER5","Lagoon","LTER5_BR_T02",2019,1,0,0,"Post"
"308","Acr","LTER5","Lagoon","LTER5_BR_T02",2020,1,0,0,"Post"
"309","Acr","LTER5","Lagoon","LTER5_BR_T02",2021,1,0,0,"Post"
"310","Acr","LTER5","Lagoon","LTER5_BR_T02",2022,1,0,0,"Post"
"311","Acr","LTER5","Lagoon","LTER5_BR_T02",2023,1,0,0,"Post"
"312","Acr","LTER5","Lagoon","LTER5_BR_T02",2024,1,0,0,"Post"
"313","Acr","LTER5","Lagoon","LTER5_BR_T03",2013,0,0,0,"Pre"
"314","Acr","LTER5","Lagoon","LTER5_BR_T03",2014,0,0,0,"Pre"
"315","Acr","LTER5","Lagoon","LTER5_BR_T03",2015,0,0,0,"Pre"
"316","Acr","LTER5","Lagoon","LTER5_BR_T03",2016,0,0,0,"Pre"
"317","Acr","LTER5","Lagoon","LTER5_BR_T03",2017,0,NA,NA,"Pre"
"318","Acr","LTER5","Lagoon","LTER5_BR_T03",2018,0,1,1,"Pre"
"319","Acr","LTER5","Lagoon","LTER5_BR_T03",2019,1,1,1,"Post"
"320","Acr","LTER5","Lagoon","LTER5_BR_T03",2020,1,0,0,"Post"
"321","Acr","LTER5","Lagoon","LTER5_BR_T03",2021,1,0,0,"Post"
"322","Acr","LTER5","Lagoon","LTER5_BR_T03",2022,1,0,0,"Post"
"323","Acr","LTER5","Lagoon","LTER5_BR_T03",2023,1,0,0,"Post"
"324","Acr","LTER5","Lagoon","LTER5_BR_T03",2024,1,0,0,"Post"
"325","Acr","LTER5","Lagoon","LTER5_BR_T04",2013,0,0,0,"Pre"
"326","Acr","LTER5","Lagoon","LTER5_BR_T04",2014,0,1,1,"Pre"
"327","Acr","LTER5","Lagoon","LTER5_BR_T04",2015,0,0,0,"Pre"
"328","Acr","LTER5","Lagoon","LTER5_BR_T04",2016,0,0,0,"Pre"
"329","Acr","LTER5","Lagoon","LTER5_BR_T04",2017,0,NA,NA,"Pre"
"330","Acr","LTER5","Lagoon","LTER5_BR_T04",2018,0,0,0,"Pre"
"331","Acr","LTER5","Lagoon","LTER5_BR_T04",2019,1,1,1,"Post"
"332","Acr","LTER5","Lagoon","LTER5_BR_T04",2020,1,0,0,"Post"
"333","Acr","LTER5","Lagoon","LTER5_BR_T04",2021,1,1,1,"Post"
"334","Acr","LTER5","Lagoon","LTER5_BR_T04",2022,1,0,0,"Post"
"335","Acr","LTER5","Lagoon","LTER5_BR_T04",2023,1,1,1,"Post"
"336","Acr","LTER5","Lagoon","LTER5_BR_T04",2024,1,0,0,"Post"
"337","Acr","LTER5","Forereef","LTER5_OR_T01",2013,0,1,1,"Pre"
"338","Acr","LTER5","Forereef","LTER5_OR_T01",2014,0,4,4,"Pre"
"339","Acr","LTER5","Forereef","LTER5_OR_T01",2015,0,5,5,"Pre"
"340","Acr","LTER5","Forereef","LTER5_OR_T01",2016,0,8,8,"Pre"
"341","Acr","LTER5","Forereef","LTER5_OR_T01",2017,0,NA,NA,"Pre"
"342","Acr","LTER5","Forereef","LTER5_OR_T01",2018,0,18,18,"Pre"
"343","Acr","LTER5","Forereef","LTER5_OR_T01",2019,1,3,3,"Post"
"344","Acr","LTER5","Forereef","LTER5_OR_T01",2020,1,7,7,"Post"
"345","Acr","LTER5","Forereef","LTER5_OR_T01",2021,1,6,6,"Post"
"346","Acr","LTER5","Forereef","LTER5_OR_T01",2022,1,4,4,"Post"
"347","Acr","LTER5","Forereef","LTER5_OR_T01",2023,1,0,0,"Post"
"348","Acr","LTER5","Forereef","LTER5_OR_T01",2024,1,0,0,"Post"
"349","Acr","LTER5","Forereef","LTER5_OR_T02",2013,0,1,1,"Pre"
"350","Acr","LTER5","Forereef","LTER5_OR_T02",2014,0,3,3,"Pre"
"351","Acr","LTER5","Forereef","LTER5_OR_T02",2015,0,8,8,"Pre"
"352","Acr","LTER5","Forereef","LTER5_OR_T02",2016,0,15,15,"Pre"
"353","Acr","LTER5","Forereef","LTER5_OR_T02",2017,0,NA,NA,"Pre"
"354","Acr","LTER5","Forereef","LTER5_OR_T02",2018,0,11,11,"Pre"
"355","Acr","LTER5","Forereef","LTER5_OR_T02",2019,1,0,0,"Post"
"356","Acr","LTER5","Forereef","LTER5_OR_T02",2020,1,9,9,"Post"
"357","Acr","LTER5","Forereef","LTER5_OR_T02",2021,1,7,7,"Post"
"358","Acr","LTER5","Forereef","LTER5_OR_T02",2022,1,4,4,"Post"
"359","Acr","LTER5","Forereef","LTER5_OR_T02",2023,1,4,4,"Post"
"360","Acr","LTER5","Forereef","LTER5_OR_T02",2024,1,0,0,"Post"
"361","Acr","LTER5","Forereef","LTER5_OR_T03",2013,0,3,3,"Pre"
"362","Acr","LTER5","Forereef","LTER5_OR_T03",2014,0,4,4,"Pre"
"363","Acr","LTER5","Forereef","LTER5_OR_T03",2015,0,11,11,"Pre"
"364","Acr","LTER5","Forereef","LTER5_OR_T03",2016,0,8,8,"Pre"
"365","Acr","LTER5","Forereef","LTER5_OR_T03",2017,0,NA,NA,"Pre"
"366","Acr","LTER5","Forereef","LTER5_OR_T03",2018,0,11,11,"Pre"
"367","Acr","LTER5","Forereef","LTER5_OR_T03",2019,1,1,1,"Post"
"368","Acr","LTER5","Forereef","LTER5_OR_T03",2020,1,3,3,"Post"
"369","Acr","LTER5","Forereef","LTER5_OR_T03",2021,1,6,6,"Post"
"370","Acr","LTER5","Forereef","LTER5_OR_T03",2022,1,3,3,"Post"
"371","Acr","LTER5","Forereef","LTER5_OR_T03",2023,1,4,4,"Post"
"372","Acr","LTER5","Forereef","LTER5_OR_T03",2024,1,0,0,"Post"
"373","Acr","LTER5","Forereef","LTER5_OR_T04",2013,0,0,0,"Pre"
"374","Acr","LTER5","Forereef","LTER5_OR_T04",2014,0,0,0,"Pre"
"375","Acr","LTER5","Forereef","LTER5_OR_T04",2015,0,0,0,"Pre"
"376","Acr","LTER5","Forereef","LTER5_OR_T04",2016,0,0,0,"Pre"
"377","Acr","LTER5","Forereef","LTER5_OR_T04",2017,0,NA,NA,"Pre"
"378","Acr","LTER5","Forereef","LTER5_OR_T04",2018,0,0,0,"Pre"
"379","Acr","LTER5","Forereef","LTER5_OR_T04",2019,1,0,0,"Post"
"380","Acr","LTER5","Forereef","LTER5_OR_T04",2020,1,4,4,"Post"
"381","Acr","LTER5","Forereef","LTER5_OR_T04",2021,1,4,4,"Post"
"382","Acr","LTER5","Forereef","LTER5_OR_T04",2022,1,1,1,"Post"
"383","Acr","LTER5","Forereef","LTER5_OR_T04",2023,1,2,2,"Post"
"384","Acr","LTER5","Forereef","LTER5_OR_T04",2024,1,1,1,"Post"
"385","Poc","LTER1","Lagoon","LTER1_BR_T01",2013,0,6,6,"Pre"
"386","Poc","LTER1","Lagoon","LTER1_BR_T01",2014,0,3,3,"Pre"
"387","Poc","LTER1","Lagoon","LTER1_BR_T01",2015,0,4,4,"Pre"
"388","Poc","LTER1","Lagoon","LTER1_BR_T01",2016,0,1,1,"Pre"
"389","Poc","LTER1","Lagoon","LTER1_BR_T01",2017,0,NA,NA,"Pre"
"390","Poc","LTER1","Lagoon","LTER1_BR_T01",2018,0,7,7,"Pre"
"391","Poc","LTER1","Lagoon","LTER1_BR_T01",2019,1,0,0,"Post"
"392","Poc","LTER1","Lagoon","LTER1_BR_T01",2020,1,0,0,"Post"
"393","Poc","LTER1","Lagoon","LTER1_BR_T01",2021,1,1,1,"Post"
"394","Poc","LTER1","Lagoon","LTER1_BR_T01",2022,1,5,5,"Post"
"395","Poc","LTER1","Lagoon","LTER1_BR_T01",2023,1,7,7,"Post"
"396","Poc","LTER1","Lagoon","LTER1_BR_T01",2024,1,5,5,"Post"
"397","Poc","LTER1","Lagoon","LTER1_BR_T02",2013,0,3,3,"Pre"
"398","Poc","LTER1","Lagoon","LTER1_BR_T02",2014,0,1,1,"Pre"
"399","Poc","LTER1","Lagoon","LTER1_BR_T02",2015,0,5,5,"Pre"
"400","Poc","LTER1","Lagoon","LTER1_BR_T02",2016,0,1,1,"Pre"
"401","Poc","LTER1","Lagoon","LTER1_BR_T02",2017,0,NA,NA,"Pre"
"402","Poc","LTER1","Lagoon","LTER1_BR_T02",2018,0,2,2,"Pre"
"403","Poc","LTER1","Lagoon","LTER1_BR_T02",2019,1,3,3,"Post"
"404","Poc","LTER1","Lagoon","LTER1_BR_T02",2020,1,0,0,"Post"
"405","Poc","LTER1","Lagoon","LTER1_BR_T02",2021,1,0,0,"Post"
"406","Poc","LTER1","Lagoon","LTER1_BR_T02",2022,1,6,6,"Post"
"407","Poc","LTER1","Lagoon","LTER1_BR_T02",2023,1,2,2,"Post"
"408","Poc","LTER1","Lagoon","LTER1_BR_T02",2024,1,5,5,"Post"
"409","Poc","LTER1","Lagoon","LTER1_BR_T03",2013,0,3,3,"Pre"
"410","Poc","LTER1","Lagoon","LTER1_BR_T03",2014,0,3,3,"Pre"
"411","Poc","LTER1","Lagoon","LTER1_BR_T03",2015,0,6,6,"Pre"
"412","Poc","LTER1","Lagoon","LTER1_BR_T03",2016,0,3,3,"Pre"
"413","Poc","LTER1","Lagoon","LTER1_BR_T03",2017,0,NA,NA,"Pre"
"414","Poc","LTER1","Lagoon","LTER1_BR_T03",2018,0,6,6,"Pre"
"415","Poc","LTER1","Lagoon","LTER1_BR_T03",2019,1,8,8,"Post"
"416","Poc","LTER1","Lagoon","LTER1_BR_T03",2020,1,2,2,"Post"
"417","Poc","LTER1","Lagoon","LTER1_BR_T03",2021,1,4,4,"Post"
"418","Poc","LTER1","Lagoon","LTER1_BR_T03",2022,1,2,2,"Post"
"419","Poc","LTER1","Lagoon","LTER1_BR_T03",2023,1,9,9,"Post"
"420","Poc","LTER1","Lagoon","LTER1_BR_T03",2024,1,11,11,"Post"
"421","Poc","LTER1","Lagoon","LTER1_BR_T04",2013,0,5,5,"Pre"
"422","Poc","LTER1","Lagoon","LTER1_BR_T04",2014,0,3,3,"Pre"
"423","Poc","LTER1","Lagoon","LTER1_BR_T04",2015,0,4,4,"Pre"
"424","Poc","LTER1","Lagoon","LTER1_BR_T04",2016,0,1,1,"Pre"
"425","Poc","LTER1","Lagoon","LTER1_BR_T04",2017,0,NA,NA,"Pre"
"426","Poc","LTER1","Lagoon","LTER1_BR_T04",2018,0,1,1,"Pre"
"427","Poc","LTER1","Lagoon","LTER1_BR_T04",2019,1,1,1,"Post"
"428","Poc","LTER1","Lagoon","LTER1_BR_T04",2020,1,0,0,"Post"
"429","Poc","LTER1","Lagoon","LTER1_BR_T04",2021,1,2,2,"Post"
"430","Poc","LTER1","Lagoon","LTER1_BR_T04",2022,1,2,2,"Post"
"431","Poc","LTER1","Lagoon","LTER1_BR_T04",2023,1,5,5,"Post"
"432","Poc","LTER1","Lagoon","LTER1_BR_T04",2024,1,3,3,"Post"
"433","Poc","LTER1","Forereef","LTER1_OR_T01",2013,0,67,335,"Pre"
"434","Poc","LTER1","Forereef","LTER1_OR_T01",2014,0,12,60,"Pre"
"435","Poc","LTER1","Forereef","LTER1_OR_T01",2015,0,10,50,"Pre"
"436","Poc","LTER1","Forereef","LTER1_OR_T01",2016,0,7,35,"Pre"
"437","Poc","LTER1","Forereef","LTER1_OR_T01",2017,0,NA,NA,"Pre"
"438","Poc","LTER1","Forereef","LTER1_OR_T01",2018,0,6,30,"Pre"
"439","Poc","LTER1","Forereef","LTER1_OR_T01",2019,1,1,5,"Post"
"440","Poc","LTER1","Forereef","LTER1_OR_T01",2020,1,0,0,"Post"
"441","Poc","LTER1","Forereef","LTER1_OR_T01",2021,1,2,10,"Post"
"442","Poc","LTER1","Forereef","LTER1_OR_T01",2022,1,2,10,"Post"
"443","Poc","LTER1","Forereef","LTER1_OR_T01",2023,1,4,20,"Post"
"444","Poc","LTER1","Forereef","LTER1_OR_T01",2024,1,1,5,"Post"
"445","Poc","LTER1","Forereef","LTER1_OR_T02",2013,0,23,115,"Pre"
"446","Poc","LTER1","Forereef","LTER1_OR_T02",2014,0,4,20,"Pre"
"447","Poc","LTER1","Forereef","LTER1_OR_T02",2015,0,6,30,"Pre"
"448","Poc","LTER1","Forereef","LTER1_OR_T02",2016,0,3,15,"Pre"
"449","Poc","LTER1","Forereef","LTER1_OR_T02",2017,0,NA,NA,"Pre"
"450","Poc","LTER1","Forereef","LTER1_OR_T02",2018,0,6,30,"Pre"
"451","Poc","LTER1","Forereef","LTER1_OR_T02",2019,1,0,0,"Post"
"452","Poc","LTER1","Forereef","LTER1_OR_T02",2020,1,0,0,"Post"
"453","Poc","LTER1","Forereef","LTER1_OR_T02",2021,1,1,5,"Post"
"454","Poc","LTER1","Forereef","LTER1_OR_T02",2022,1,0,0,"Post"
"455","Poc","LTER1","Forereef","LTER1_OR_T02",2023,1,2,10,"Post"
"456","Poc","LTER1","Forereef","LTER1_OR_T02",2024,1,0,0,"Post"
"457","Poc","LTER1","Forereef","LTER1_OR_T03",2013,0,26,130,"Pre"
"458","Poc","LTER1","Forereef","LTER1_OR_T03",2014,0,6,30,"Pre"
"459","Poc","LTER1","Forereef","LTER1_OR_T03",2015,0,2,10,"Pre"
"460","Poc","LTER1","Forereef","LTER1_OR_T03",2016,0,3,15,"Pre"
"461","Poc","LTER1","Forereef","LTER1_OR_T03",2017,0,NA,NA,"Pre"
"462","Poc","LTER1","Forereef","LTER1_OR_T03",2018,0,1,5,"Pre"
"463","Poc","LTER1","Forereef","LTER1_OR_T03",2019,1,2,10,"Post"
"464","Poc","LTER1","Forereef","LTER1_OR_T03",2020,1,0,0,"Post"
"465","Poc","LTER1","Forereef","LTER1_OR_T03",2021,1,0,0,"Post"
"466","Poc","LTER1","Forereef","LTER1_OR_T03",2022,1,0,0,"Post"
"467","Poc","LTER1","Forereef","LTER1_OR_T03",2023,1,0,0,"Post"
"468","Poc","LTER1","Forereef","LTER1_OR_T03",2024,1,0,0,"Post"
"469","Poc","LTER1","Forereef","LTER1_OR_T04",2013,0,58,290,"Pre"
"470","Poc","LTER1","Forereef","LTER1_OR_T04",2014,0,10,50,"Pre"
"471","Poc","LTER1","Forereef","LTER1_OR_T04",2015,0,1,5,"Pre"
"472","Poc","LTER1","Forereef","LTER1_OR_T04",2016,0,1,5,"Pre"
"473","Poc","LTER1","Forereef","LTER1_OR_T04",2017,0,NA,NA,"Pre"
"474","Poc","LTER1","Forereef","LTER1_OR_T04",2018,0,3,15,"Pre"
"475","Poc","LTER1","Forereef","LTER1_OR_T04",2019,1,0,0,"Post"
"476","Poc","LTER1","Forereef","LTER1_OR_T04",2020,1,0,0,"Post"
"477","Poc","LTER1","Forereef","LTER1_OR_T04",2021,1,0,0,"Post"
"478","Poc","LTER1","Forereef","LTER1_OR_T04",2022,1,0,0,"Post"
"479","Poc","LTER1","Forereef","LTER1_OR_T04",2023,1,2,10,"Post"
"480","Poc","LTER1","Forereef","LTER1_OR_T04",2024,1,0,0,"Post"
"481","Poc","LTER2","Lagoon","LTER2_BR_T01",2013,0,2,2,"Pre"
"482","Poc","LTER2","Lagoon","LTER2_BR_T01",2014,0,1,1,"Pre"
"483","Poc","LTER2","Lagoon","LTER2_BR_T01",2015,0,2,2,"Pre"
"484","Poc","LTER2","Lagoon","LTER2_BR_T01",2016,0,0,0,"Pre"
"485","Poc","LTER2","Lagoon","LTER2_BR_T01",2017,0,NA,NA,"Pre"
"486","Poc","LTER2","Lagoon","LTER2_BR_T01",2018,0,9,9,"Pre"
"487","Poc","LTER2","Lagoon","LTER2_BR_T01",2019,1,1,1,"Post"
"488","Poc","LTER2","Lagoon","LTER2_BR_T01",2020,1,0,0,"Post"
"489","Poc","LTER2","Lagoon","LTER2_BR_T01",2021,1,0,0,"Post"
"490","Poc","LTER2","Lagoon","LTER2_BR_T01",2022,1,5,5,"Post"
"491","Poc","LTER2","Lagoon","LTER2_BR_T01",2023,1,2,2,"Post"
"492","Poc","LTER2","Lagoon","LTER2_BR_T01",2024,1,2,2,"Post"
"493","Poc","LTER2","Lagoon","LTER2_BR_T02",2013,0,1,1,"Pre"
"494","Poc","LTER2","Lagoon","LTER2_BR_T02",2014,0,3,3,"Pre"
"495","Poc","LTER2","Lagoon","LTER2_BR_T02",2015,0,1,1,"Pre"
"496","Poc","LTER2","Lagoon","LTER2_BR_T02",2016,0,1,1,"Pre"
"497","Poc","LTER2","Lagoon","LTER2_BR_T02",2017,0,NA,NA,"Pre"
"498","Poc","LTER2","Lagoon","LTER2_BR_T02",2018,0,4,4,"Pre"
"499","Poc","LTER2","Lagoon","LTER2_BR_T02",2019,1,1,1,"Post"
"500","Poc","LTER2","Lagoon","LTER2_BR_T02",2020,1,2,2,"Post"
"501","Poc","LTER2","Lagoon","LTER2_BR_T02",2021,1,0,0,"Post"
"502","Poc","LTER2","Lagoon","LTER2_BR_T02",2022,1,2,2,"Post"
"503","Poc","LTER2","Lagoon","LTER2_BR_T02",2023,1,0,0,"Post"
"504","Poc","LTER2","Lagoon","LTER2_BR_T02",2024,1,1,1,"Post"
"505","Poc","LTER2","Lagoon","LTER2_BR_T03",2013,0,2,2,"Pre"
"506","Poc","LTER2","Lagoon","LTER2_BR_T03",2014,0,0,0,"Pre"
"507","Poc","LTER2","Lagoon","LTER2_BR_T03",2015,0,1,1,"Pre"
"508","Poc","LTER2","Lagoon","LTER2_BR_T03",2016,0,0,0,"Pre"
"509","Poc","LTER2","Lagoon","LTER2_BR_T03",2017,0,NA,NA,"Pre"
"510","Poc","LTER2","Lagoon","LTER2_BR_T03",2018,0,10,10,"Pre"
"511","Poc","LTER2","Lagoon","LTER2_BR_T03",2019,1,0,0,"Post"
"512","Poc","LTER2","Lagoon","LTER2_BR_T03",2020,1,3,3,"Post"
"513","Poc","LTER2","Lagoon","LTER2_BR_T03",2021,1,0,0,"Post"
"514","Poc","LTER2","Lagoon","LTER2_BR_T03",2022,1,3,3,"Post"
"515","Poc","LTER2","Lagoon","LTER2_BR_T03",2023,1,1,1,"Post"
"516","Poc","LTER2","Lagoon","LTER2_BR_T03",2024,1,0,0,"Post"
"517","Poc","LTER2","Lagoon","LTER2_BR_T04",2013,0,8,8,"Pre"
"518","Poc","LTER2","Lagoon","LTER2_BR_T04",2014,0,4,4,"Pre"
"519","Poc","LTER2","Lagoon","LTER2_BR_T04",2015,0,8,8,"Pre"
"520","Poc","LTER2","Lagoon","LTER2_BR_T04",2016,0,5,5,"Pre"
"521","Poc","LTER2","Lagoon","LTER2_BR_T04",2017,0,NA,NA,"Pre"
"522","Poc","LTER2","Lagoon","LTER2_BR_T04",2018,0,6,6,"Pre"
"523","Poc","LTER2","Lagoon","LTER2_BR_T04",2019,1,2,2,"Post"
"524","Poc","LTER2","Lagoon","LTER2_BR_T04",2020,1,3,3,"Post"
"525","Poc","LTER2","Lagoon","LTER2_BR_T04",2021,1,0,0,"Post"
"526","Poc","LTER2","Lagoon","LTER2_BR_T04",2022,1,0,0,"Post"
"527","Poc","LTER2","Lagoon","LTER2_BR_T04",2023,1,2,2,"Post"
"528","Poc","LTER2","Lagoon","LTER2_BR_T04",2024,1,0,0,"Post"
"529","Poc","LTER2","Forereef","LTER2_OR_T01",2013,0,37,185,"Pre"
"530","Poc","LTER2","Forereef","LTER2_OR_T01",2014,0,5,25,"Pre"
"531","Poc","LTER2","Forereef","LTER2_OR_T01",2015,0,2,10,"Pre"
"532","Poc","LTER2","Forereef","LTER2_OR_T01",2016,0,6,30,"Pre"
"533","Poc","LTER2","Forereef","LTER2_OR_T01",2017,0,NA,NA,"Pre"
"534","Poc","LTER2","Forereef","LTER2_OR_T01",2018,0,1,5,"Pre"
"535","Poc","LTER2","Forereef","LTER2_OR_T01",2019,1,2,10,"Post"
"536","Poc","LTER2","Forereef","LTER2_OR_T01",2020,1,0,0,"Post"
"537","Poc","LTER2","Forereef","LTER2_OR_T01",2021,1,0,0,"Post"
"538","Poc","LTER2","Forereef","LTER2_OR_T01",2022,1,1,5,"Post"
"539","Poc","LTER2","Forereef","LTER2_OR_T01",2023,1,2,10,"Post"
"540","Poc","LTER2","Forereef","LTER2_OR_T01",2024,1,0,0,"Post"
"541","Poc","LTER2","Forereef","LTER2_OR_T02",2013,0,5,25,"Pre"
"542","Poc","LTER2","Forereef","LTER2_OR_T02",2014,0,7,35,"Pre"
"543","Poc","LTER2","Forereef","LTER2_OR_T02",2015,0,3,15,"Pre"
"544","Poc","LTER2","Forereef","LTER2_OR_T02",2016,0,2,10,"Pre"
"545","Poc","LTER2","Forereef","LTER2_OR_T02",2017,0,NA,NA,"Pre"
"546","Poc","LTER2","Forereef","LTER2_OR_T02",2018,0,3,15,"Pre"
"547","Poc","LTER2","Forereef","LTER2_OR_T02",2019,1,4,20,"Post"
"548","Poc","LTER2","Forereef","LTER2_OR_T02",2020,1,2,10,"Post"
"549","Poc","LTER2","Forereef","LTER2_OR_T02",2021,1,0,0,"Post"
"550","Poc","LTER2","Forereef","LTER2_OR_T02",2022,1,0,0,"Post"
"551","Poc","LTER2","Forereef","LTER2_OR_T02",2023,1,0,0,"Post"
"552","Poc","LTER2","Forereef","LTER2_OR_T02",2024,1,0,0,"Post"
"553","Poc","LTER2","Forereef","LTER2_OR_T03",2013,0,36,180,"Pre"
"554","Poc","LTER2","Forereef","LTER2_OR_T03",2014,0,8,40,"Pre"
"555","Poc","LTER2","Forereef","LTER2_OR_T03",2015,0,6,30,"Pre"
"556","Poc","LTER2","Forereef","LTER2_OR_T03",2016,0,0,0,"Pre"
"557","Poc","LTER2","Forereef","LTER2_OR_T03",2017,0,NA,NA,"Pre"
"558","Poc","LTER2","Forereef","LTER2_OR_T03",2018,0,1,5,"Pre"
"559","Poc","LTER2","Forereef","LTER2_OR_T03",2019,1,0,0,"Post"
"560","Poc","LTER2","Forereef","LTER2_OR_T03",2020,1,0,0,"Post"
"561","Poc","LTER2","Forereef","LTER2_OR_T03",2021,1,1,5,"Post"
"562","Poc","LTER2","Forereef","LTER2_OR_T03",2022,1,0,0,"Post"
"563","Poc","LTER2","Forereef","LTER2_OR_T03",2023,1,1,5,"Post"
"564","Poc","LTER2","Forereef","LTER2_OR_T03",2024,1,0,0,"Post"
"565","Poc","LTER2","Forereef","LTER2_OR_T04",2013,0,56,280,"Pre"
"566","Poc","LTER2","Forereef","LTER2_OR_T04",2014,0,24,120,"Pre"
"567","Poc","LTER2","Forereef","LTER2_OR_T04",2015,0,4,20,"Pre"
"568","Poc","LTER2","Forereef","LTER2_OR_T04",2016,0,2,10,"Pre"
"569","Poc","LTER2","Forereef","LTER2_OR_T04",2017,0,NA,NA,"Pre"
"570","Poc","LTER2","Forereef","LTER2_OR_T04",2018,0,2,10,"Pre"
"571","Poc","LTER2","Forereef","LTER2_OR_T04",2019,1,7,35,"Post"
"572","Poc","LTER2","Forereef","LTER2_OR_T04",2020,1,0,0,"Post"
"573","Poc","LTER2","Forereef","LTER2_OR_T04",2021,1,1,5,"Post"
"574","Poc","LTER2","Forereef","LTER2_OR_T04",2022,1,0,0,"Post"
"575","Poc","LTER2","Forereef","LTER2_OR_T04",2023,1,1,5,"Post"
"576","Poc","LTER2","Forereef","LTER2_OR_T04",2024,1,0,0,"Post"
"577","Poc","LTER4","Lagoon","LTER4_BR_T01",2013,0,9,9,"Pre"
"578","Poc","LTER4","Lagoon","LTER4_BR_T01",2014,0,12,12,"Pre"
"579","Poc","LTER4","Lagoon","LTER4_BR_T01",2015,0,10,10,"Pre"
"580","Poc","LTER4","Lagoon","LTER4_BR_T01",2016,0,5,5,"Pre"
"581","Poc","LTER4","Lagoon","LTER4_BR_T01",2017,0,NA,NA,"Pre"
"582","Poc","LTER4","Lagoon","LTER4_BR_T01",2018,0,14,14,"Pre"
"583","Poc","LTER4","Lagoon","LTER4_BR_T01",2019,1,7,7,"Post"
"584","Poc","LTER4","Lagoon","LTER4_BR_T01",2020,1,5,5,"Post"
"585","Poc","LTER4","Lagoon","LTER4_BR_T01",2021,1,2,2,"Post"
"586","Poc","LTER4","Lagoon","LTER4_BR_T01",2022,1,2,2,"Post"
"587","Poc","LTER4","Lagoon","LTER4_BR_T01",2023,1,3,3,"Post"
"588","Poc","LTER4","Lagoon","LTER4_BR_T01",2024,1,0,0,"Post"
"589","Poc","LTER4","Lagoon","LTER4_BR_T02",2013,0,3,3,"Pre"
"590","Poc","LTER4","Lagoon","LTER4_BR_T02",2014,0,5,5,"Pre"
"591","Poc","LTER4","Lagoon","LTER4_BR_T02",2015,0,5,5,"Pre"
"592","Poc","LTER4","Lagoon","LTER4_BR_T02",2016,0,2,2,"Pre"
"593","Poc","LTER4","Lagoon","LTER4_BR_T02",2017,0,NA,NA,"Pre"
"594","Poc","LTER4","Lagoon","LTER4_BR_T02",2018,0,6,6,"Pre"
"595","Poc","LTER4","Lagoon","LTER4_BR_T02",2019,1,3,3,"Post"
"596","Poc","LTER4","Lagoon","LTER4_BR_T02",2020,1,0,0,"Post"
"597","Poc","LTER4","Lagoon","LTER4_BR_T02",2021,1,1,1,"Post"
"598","Poc","LTER4","Lagoon","LTER4_BR_T02",2022,1,0,0,"Post"
"599","Poc","LTER4","Lagoon","LTER4_BR_T02",2023,1,3,3,"Post"
"600","Poc","LTER4","Lagoon","LTER4_BR_T02",2024,1,1,1,"Post"
"601","Poc","LTER4","Lagoon","LTER4_BR_T03",2013,0,5,5,"Pre"
"602","Poc","LTER4","Lagoon","LTER4_BR_T03",2014,0,2,2,"Pre"
"603","Poc","LTER4","Lagoon","LTER4_BR_T03",2015,0,5,5,"Pre"
"604","Poc","LTER4","Lagoon","LTER4_BR_T03",2016,0,1,1,"Pre"
"605","Poc","LTER4","Lagoon","LTER4_BR_T03",2017,0,NA,NA,"Pre"
"606","Poc","LTER4","Lagoon","LTER4_BR_T03",2018,0,17,17,"Pre"
"607","Poc","LTER4","Lagoon","LTER4_BR_T03",2019,1,6,6,"Post"
"608","Poc","LTER4","Lagoon","LTER4_BR_T03",2020,1,3,3,"Post"
"609","Poc","LTER4","Lagoon","LTER4_BR_T03",2021,1,2,2,"Post"
"610","Poc","LTER4","Lagoon","LTER4_BR_T03",2022,1,5,5,"Post"
"611","Poc","LTER4","Lagoon","LTER4_BR_T03",2023,1,2,2,"Post"
"612","Poc","LTER4","Lagoon","LTER4_BR_T03",2024,1,3,3,"Post"
"613","Poc","LTER4","Lagoon","LTER4_BR_T04",2013,0,1,1,"Pre"
"614","Poc","LTER4","Lagoon","LTER4_BR_T04",2014,0,1,1,"Pre"
"615","Poc","LTER4","Lagoon","LTER4_BR_T04",2015,0,0,0,"Pre"
"616","Poc","LTER4","Lagoon","LTER4_BR_T04",2016,0,0,0,"Pre"
"617","Poc","LTER4","Lagoon","LTER4_BR_T04",2017,0,NA,NA,"Pre"
"618","Poc","LTER4","Lagoon","LTER4_BR_T04",2018,0,9,9,"Pre"
"619","Poc","LTER4","Lagoon","LTER4_BR_T04",2019,1,6,6,"Post"
"620","Poc","LTER4","Lagoon","LTER4_BR_T04",2020,1,1,1,"Post"
"621","Poc","LTER4","Lagoon","LTER4_BR_T04",2021,1,1,1,"Post"
"622","Poc","LTER4","Lagoon","LTER4_BR_T04",2022,1,4,4,"Post"
"623","Poc","LTER4","Lagoon","LTER4_BR_T04",2023,1,4,4,"Post"
"624","Poc","LTER4","Lagoon","LTER4_BR_T04",2024,1,4,4,"Post"
"625","Poc","LTER4","Forereef","LTER4_OR_T01",2013,0,5,25,"Pre"
"626","Poc","LTER4","Forereef","LTER4_OR_T01",2014,0,5,25,"Pre"
"627","Poc","LTER4","Forereef","LTER4_OR_T01",2015,0,2,10,"Pre"
"628","Poc","LTER4","Forereef","LTER4_OR_T01",2016,0,5,25,"Pre"
"629","Poc","LTER4","Forereef","LTER4_OR_T01",2017,0,NA,NA,"Pre"
"630","Poc","LTER4","Forereef","LTER4_OR_T01",2018,0,3,15,"Pre"
"631","Poc","LTER4","Forereef","LTER4_OR_T01",2019,1,0,0,"Post"
"632","Poc","LTER4","Forereef","LTER4_OR_T01",2020,1,2,10,"Post"
"633","Poc","LTER4","Forereef","LTER4_OR_T01",2021,1,1,5,"Post"
"634","Poc","LTER4","Forereef","LTER4_OR_T01",2022,1,1,5,"Post"
"635","Poc","LTER4","Forereef","LTER4_OR_T01",2023,1,0,0,"Post"
"636","Poc","LTER4","Forereef","LTER4_OR_T01",2024,1,2,10,"Post"
"637","Poc","LTER4","Forereef","LTER4_OR_T02",2013,0,33,165,"Pre"
"638","Poc","LTER4","Forereef","LTER4_OR_T02",2014,0,8,40,"Pre"
"639","Poc","LTER4","Forereef","LTER4_OR_T02",2015,0,7,35,"Pre"
"640","Poc","LTER4","Forereef","LTER4_OR_T02",2016,0,4,20,"Pre"
"641","Poc","LTER4","Forereef","LTER4_OR_T02",2017,0,NA,NA,"Pre"
"642","Poc","LTER4","Forereef","LTER4_OR_T02",2018,0,8,40,"Pre"
"643","Poc","LTER4","Forereef","LTER4_OR_T02",2019,1,0,0,"Post"
"644","Poc","LTER4","Forereef","LTER4_OR_T02",2020,1,1,5,"Post"
"645","Poc","LTER4","Forereef","LTER4_OR_T02",2021,1,2,10,"Post"
"646","Poc","LTER4","Forereef","LTER4_OR_T02",2022,1,0,0,"Post"
"647","Poc","LTER4","Forereef","LTER4_OR_T02",2023,1,0,0,"Post"
"648","Poc","LTER4","Forereef","LTER4_OR_T02",2024,1,0,0,"Post"
"649","Poc","LTER4","Forereef","LTER4_OR_T03",2013,0,11,55,"Pre"
"650","Poc","LTER4","Forereef","LTER4_OR_T03",2014,0,4,20,"Pre"
"651","Poc","LTER4","Forereef","LTER4_OR_T03",2015,0,7,35,"Pre"
"652","Poc","LTER4","Forereef","LTER4_OR_T03",2016,0,2,10,"Pre"
"653","Poc","LTER4","Forereef","LTER4_OR_T03",2017,0,NA,NA,"Pre"
"654","Poc","LTER4","Forereef","LTER4_OR_T03",2018,0,2,10,"Pre"
"655","Poc","LTER4","Forereef","LTER4_OR_T03",2019,1,0,0,"Post"
"656","Poc","LTER4","Forereef","LTER4_OR_T03",2020,1,2,10,"Post"
"657","Poc","LTER4","Forereef","LTER4_OR_T03",2021,1,1,5,"Post"
"658","Poc","LTER4","Forereef","LTER4_OR_T03",2022,1,0,0,"Post"
"659","Poc","LTER4","Forereef","LTER4_OR_T03",2023,1,0,0,"Post"
"660","Poc","LTER4","Forereef","LTER4_OR_T03",2024,1,2,10,"Post"
"661","Poc","LTER4","Forereef","LTER4_OR_T04",2013,0,20,100,"Pre"
"662","Poc","LTER4","Forereef","LTER4_OR_T04",2014,0,5,25,"Pre"
"663","Poc","LTER4","Forereef","LTER4_OR_T04",2015,0,6,30,"Pre"
"664","Poc","LTER4","Forereef","LTER4_OR_T04",2016,0,4,20,"Pre"
"665","Poc","LTER4","Forereef","LTER4_OR_T04",2017,0,NA,NA,"Pre"
"666","Poc","LTER4","Forereef","LTER4_OR_T04",2018,0,4,20,"Pre"
"667","Poc","LTER4","Forereef","LTER4_OR_T04",2019,1,0,0,"Post"
"668","Poc","LTER4","Forereef","LTER4_OR_T04",2020,1,4,20,"Post"
"669","Poc","LTER4","Forereef","LTER4_OR_T04",2021,1,0,0,"Post"
"670","Poc","LTER4","Forereef","LTER4_OR_T04",2022,1,0,0,"Post"
"671","Poc","LTER4","Forereef","LTER4_OR_T04",2023,1,0,0,"Post"
"672","Poc","LTER4","Forereef","LTER4_OR_T04",2024,1,0,0,"Post"
"673","Poc","LTER5","Lagoon","LTER5_BR_T01",2013,0,1,1,"Pre"
"674","Poc","LTER5","Lagoon","LTER5_BR_T01",2014,0,0,0,"Pre"
"675","Poc","LTER5","Lagoon","LTER5_BR_T01",2015,0,4,4,"Pre"
"676","Poc","LTER5","Lagoon","LTER5_BR_T01",2016,0,0,0,"Pre"
"677","Poc","LTER5","Lagoon","LTER5_BR_T01",2017,0,NA,NA,"Pre"
"678","Poc","LTER5","Lagoon","LTER5_BR_T01",2018,0,2,2,"Pre"
"679","Poc","LTER5","Lagoon","LTER5_BR_T01",2019,1,1,1,"Post"
"680","Poc","LTER5","Lagoon","LTER5_BR_T01",2020,1,0,0,"Post"
"681","Poc","LTER5","Lagoon","LTER5_BR_T01",2021,1,0,0,"Post"
"682","Poc","LTER5","Lagoon","LTER5_BR_T01",2022,1,0,0,"Post"
"683","Poc","LTER5","Lagoon","LTER5_BR_T01",2023,1,0,0,"Post"
"684","Poc","LTER5","Lagoon","LTER5_BR_T01",2024,1,1,1,"Post"
"685","Poc","LTER5","Lagoon","LTER5_BR_T02",2013,0,1,1,"Pre"
"686","Poc","LTER5","Lagoon","LTER5_BR_T02",2014,0,1,1,"Pre"
"687","Poc","LTER5","Lagoon","LTER5_BR_T02",2015,0,1,1,"Pre"
"688","Poc","LTER5","Lagoon","LTER5_BR_T02",2016,0,3,3,"Pre"
"689","Poc","LTER5","Lagoon","LTER5_BR_T02",2017,0,NA,NA,"Pre"
"690","Poc","LTER5","Lagoon","LTER5_BR_T02",2018,0,1,1,"Pre"
"691","Poc","LTER5","Lagoon","LTER5_BR_T02",2019,1,0,0,"Post"
"692","Poc","LTER5","Lagoon","LTER5_BR_T02",2020,1,4,4,"Post"
"693","Poc","LTER5","Lagoon","LTER5_BR_T02",2021,1,0,0,"Post"
"694","Poc","LTER5","Lagoon","LTER5_BR_T02",2022,1,0,0,"Post"
"695","Poc","LTER5","Lagoon","LTER5_BR_T02",2023,1,1,1,"Post"
"696","Poc","LTER5","Lagoon","LTER5_BR_T02",2024,1,0,0,"Post"
"697","Poc","LTER5","Lagoon","LTER5_BR_T03",2013,0,0,0,"Pre"
"698","Poc","LTER5","Lagoon","LTER5_BR_T03",2014,0,0,0,"Pre"
"699","Poc","LTER5","Lagoon","LTER5_BR_T03",2015,0,0,0,"Pre"
"700","Poc","LTER5","Lagoon","LTER5_BR_T03",2016,0,5,5,"Pre"
"701","Poc","LTER5","Lagoon","LTER5_BR_T03",2017,0,NA,NA,"Pre"
"702","Poc","LTER5","Lagoon","LTER5_BR_T03",2018,0,5,5,"Pre"
"703","Poc","LTER5","Lagoon","LTER5_BR_T03",2019,1,2,2,"Post"
"704","Poc","LTER5","Lagoon","LTER5_BR_T03",2020,1,1,1,"Post"
"705","Poc","LTER5","Lagoon","LTER5_BR_T03",2021,1,0,0,"Post"
"706","Poc","LTER5","Lagoon","LTER5_BR_T03",2022,1,0,0,"Post"
"707","Poc","LTER5","Lagoon","LTER5_BR_T03",2023,1,3,3,"Post"
"708","Poc","LTER5","Lagoon","LTER5_BR_T03",2024,1,0,0,"Post"
"709","Poc","LTER5","Lagoon","LTER5_BR_T04",2013,0,4,4,"Pre"
"710","Poc","LTER5","Lagoon","LTER5_BR_T04",2014,0,2,2,"Pre"
"711","Poc","LTER5","Lagoon","LTER5_BR_T04",2015,0,5,5,"Pre"
"712","Poc","LTER5","Lagoon","LTER5_BR_T04",2016,0,1,1,"Pre"
"713","Poc","LTER5","Lagoon","LTER5_BR_T04",2017,0,NA,NA,"Pre"
"714","Poc","LTER5","Lagoon","LTER5_BR_T04",2018,0,5,5,"Pre"
"715","Poc","LTER5","Lagoon","LTER5_BR_T04",2019,1,1,1,"Post"
"716","Poc","LTER5","Lagoon","LTER5_BR_T04",2020,1,2,2,"Post"
"717","Poc","LTER5","Lagoon","LTER5_BR_T04",2021,1,1,1,"Post"
"718","Poc","LTER5","Lagoon","LTER5_BR_T04",2022,1,1,1,"Post"
"719","Poc","LTER5","Lagoon","LTER5_BR_T04",2023,1,1,1,"Post"
"720","Poc","LTER5","Lagoon","LTER5_BR_T04",2024,1,0,0,"Post"
"721","Poc","LTER5","Forereef","LTER5_OR_T01",2013,0,7,35,"Pre"
"722","Poc","LTER5","Forereef","LTER5_OR_T01",2014,0,10,50,"Pre"
"723","Poc","LTER5","Forereef","LTER5_OR_T01",2015,0,6,30,"Pre"
"724","Poc","LTER5","Forereef","LTER5_OR_T01",2016,0,5,25,"Pre"
"725","Poc","LTER5","Forereef","LTER5_OR_T01",2017,0,NA,NA,"Pre"
"726","Poc","LTER5","Forereef","LTER5_OR_T01",2018,0,3,15,"Pre"
"727","Poc","LTER5","Forereef","LTER5_OR_T01",2019,1,0,0,"Post"
"728","Poc","LTER5","Forereef","LTER5_OR_T01",2020,1,1,5,"Post"
"729","Poc","LTER5","Forereef","LTER5_OR_T01",2021,1,0,0,"Post"
"730","Poc","LTER5","Forereef","LTER5_OR_T01",2022,1,0,0,"Post"
"731","Poc","LTER5","Forereef","LTER5_OR_T01",2023,1,1,5,"Post"
"732","Poc","LTER5","Forereef","LTER5_OR_T01",2024,1,7,35,"Post"
"733","Poc","LTER5","Forereef","LTER5_OR_T02",2013,0,7,35,"Pre"
"734","Poc","LTER5","Forereef","LTER5_OR_T02",2014,0,5,25,"Pre"
"735","Poc","LTER5","Forereef","LTER5_OR_T02",2015,0,7,35,"Pre"
"736","Poc","LTER5","Forereef","LTER5_OR_T02",2016,0,11,55,"Pre"
"737","Poc","LTER5","Forereef","LTER5_OR_T02",2017,0,NA,NA,"Pre"
"738","Poc","LTER5","Forereef","LTER5_OR_T02",2018,0,3,15,"Pre"
"739","Poc","LTER5","Forereef","LTER5_OR_T02",2019,1,0,0,"Post"
"740","Poc","LTER5","Forereef","LTER5_OR_T02",2020,1,1,5,"Post"
"741","Poc","LTER5","Forereef","LTER5_OR_T02",2021,1,0,0,"Post"
"742","Poc","LTER5","Forereef","LTER5_OR_T02",2022,1,0,0,"Post"
"743","Poc","LTER5","Forereef","LTER5_OR_T02",2023,1,2,10,"Post"
"744","Poc","LTER5","Forereef","LTER5_OR_T02",2024,1,4,20,"Post"
"745","Poc","LTER5","Forereef","LTER5_OR_T03",2013,0,38,190,"Pre"
"746","Poc","LTER5","Forereef","LTER5_OR_T03",2014,0,13,65,"Pre"
"747","Poc","LTER5","Forereef","LTER5_OR_T03",2015,0,11,55,"Pre"
"748","Poc","LTER5","Forereef","LTER5_OR_T03",2016,0,17,85,"Pre"
"749","Poc","LTER5","Forereef","LTER5_OR_T03",2017,0,NA,NA,"Pre"
"750","Poc","LTER5","Forereef","LTER5_OR_T03",2018,0,4,20,"Pre"
"751","Poc","LTER5","Forereef","LTER5_OR_T03",2019,1,0,0,"Post"
"752","Poc","LTER5","Forereef","LTER5_OR_T03",2020,1,0,0,"Post"
"753","Poc","LTER5","Forereef","LTER5_OR_T03",2021,1,0,0,"Post"
"754","Poc","LTER5","Forereef","LTER5_OR_T03",2022,1,2,10,"Post"
"755","Poc","LTER5","Forereef","LTER5_OR_T03",2023,1,13,65,"Post"
"756","Poc","LTER5","Forereef","LTER5_OR_T03",2024,1,11,55,"Post"
"757","Poc","LTER5","Forereef","LTER5_OR_T04",2013,0,0,0,"Pre"
"758","Poc","LTER5","Forereef","LTER5_OR_T04",2014,0,0,0,"Pre"
"759","Poc","LTER5","Forereef","LTER5_OR_T04",2015,0,0,0,"Pre"
"760","Poc","LTER5","Forereef","LTER5_OR_T04",2016,0,0,0,"Pre"
"761","Poc","LTER5","Forereef","LTER5_OR_T04",2017,0,NA,NA,"Pre"
"762","Poc","LTER5","Forereef","LTER5_OR_T04",2018,0,0,0,"Pre"
"763","Poc","LTER5","Forereef","LTER5_OR_T04",2019,1,0,0,"Post"
"764","Poc","LTER5","Forereef","LTER5_OR_T04",2020,1,0,0,"Post"
"765","Poc","LTER5","Forereef","LTER5_OR_T04",2021,1,1,5,"Post"
"766","Poc","LTER5","Forereef","LTER5_OR_T04",2022,1,5,25,"Post"
"767","Poc","LTER5","Forereef","LTER5_OR_T04",2023,1,6,30,"Post"
"768","Poc","LTER5","Forereef","LTER5_OR_T04",2024,1,7,35,"Post"
"769","Por","LTER1","Lagoon","LTER1_BR_T01",2013,0,66,66,"Pre"
"770","Por","LTER1","Lagoon","LTER1_BR_T01",2014,0,22,22,"Pre"
"771","Por","LTER1","Lagoon","LTER1_BR_T01",2015,0,13,13,"Pre"
"772","Por","LTER1","Lagoon","LTER1_BR_T01",2016,0,5,5,"Pre"
"773","Por","LTER1","Lagoon","LTER1_BR_T01",2017,0,NA,NA,"Pre"
"774","Por","LTER1","Lagoon","LTER1_BR_T01",2018,0,15,15,"Pre"
"775","Por","LTER1","Lagoon","LTER1_BR_T01",2019,1,4,4,"Post"
"776","Por","LTER1","Lagoon","LTER1_BR_T01",2020,1,2,2,"Post"
"777","Por","LTER1","Lagoon","LTER1_BR_T01",2021,1,3,3,"Post"
"778","Por","LTER1","Lagoon","LTER1_BR_T01",2022,1,2,2,"Post"
"779","Por","LTER1","Lagoon","LTER1_BR_T01",2023,1,8,8,"Post"
"780","Por","LTER1","Lagoon","LTER1_BR_T01",2024,1,0,0,"Post"
"781","Por","LTER1","Lagoon","LTER1_BR_T02",2013,0,13,13,"Pre"
"782","Por","LTER1","Lagoon","LTER1_BR_T02",2014,0,8,8,"Pre"
"783","Por","LTER1","Lagoon","LTER1_BR_T02",2015,0,11,11,"Pre"
"784","Por","LTER1","Lagoon","LTER1_BR_T02",2016,0,1,1,"Pre"
"785","Por","LTER1","Lagoon","LTER1_BR_T02",2017,0,NA,NA,"Pre"
"786","Por","LTER1","Lagoon","LTER1_BR_T02",2018,0,7,7,"Pre"
"787","Por","LTER1","Lagoon","LTER1_BR_T02",2019,1,5,5,"Post"
"788","Por","LTER1","Lagoon","LTER1_BR_T02",2020,1,3,3,"Post"
"789","Por","LTER1","Lagoon","LTER1_BR_T02",2021,1,2,2,"Post"
"790","Por","LTER1","Lagoon","LTER1_BR_T02",2022,1,0,0,"Post"
"791","Por","LTER1","Lagoon","LTER1_BR_T02",2023,1,1,1,"Post"
"792","Por","LTER1","Lagoon","LTER1_BR_T02",2024,1,0,0,"Post"
"793","Por","LTER1","Lagoon","LTER1_BR_T03",2013,0,4,4,"Pre"
"794","Por","LTER1","Lagoon","LTER1_BR_T03",2014,0,5,5,"Pre"
"795","Por","LTER1","Lagoon","LTER1_BR_T03",2015,0,4,4,"Pre"
"796","Por","LTER1","Lagoon","LTER1_BR_T03",2016,0,8,8,"Pre"
"797","Por","LTER1","Lagoon","LTER1_BR_T03",2017,0,NA,NA,"Pre"
"798","Por","LTER1","Lagoon","LTER1_BR_T03",2018,0,1,1,"Pre"
"799","Por","LTER1","Lagoon","LTER1_BR_T03",2019,1,3,3,"Post"
"800","Por","LTER1","Lagoon","LTER1_BR_T03",2020,1,3,3,"Post"
"801","Por","LTER1","Lagoon","LTER1_BR_T03",2021,1,5,5,"Post"
"802","Por","LTER1","Lagoon","LTER1_BR_T03",2022,1,0,0,"Post"
"803","Por","LTER1","Lagoon","LTER1_BR_T03",2023,1,0,0,"Post"
"804","Por","LTER1","Lagoon","LTER1_BR_T03",2024,1,2,2,"Post"
"805","Por","LTER1","Lagoon","LTER1_BR_T04",2013,0,13,13,"Pre"
"806","Por","LTER1","Lagoon","LTER1_BR_T04",2014,0,11,11,"Pre"
"807","Por","LTER1","Lagoon","LTER1_BR_T04",2015,0,14,14,"Pre"
"808","Por","LTER1","Lagoon","LTER1_BR_T04",2016,0,14,14,"Pre"
"809","Por","LTER1","Lagoon","LTER1_BR_T04",2017,0,NA,NA,"Pre"
"810","Por","LTER1","Lagoon","LTER1_BR_T04",2018,0,7,7,"Pre"
"811","Por","LTER1","Lagoon","LTER1_BR_T04",2019,1,2,2,"Post"
"812","Por","LTER1","Lagoon","LTER1_BR_T04",2020,1,2,2,"Post"
"813","Por","LTER1","Lagoon","LTER1_BR_T04",2021,1,6,6,"Post"
"814","Por","LTER1","Lagoon","LTER1_BR_T04",2022,1,0,0,"Post"
"815","Por","LTER1","Lagoon","LTER1_BR_T04",2023,1,7,7,"Post"
"816","Por","LTER1","Lagoon","LTER1_BR_T04",2024,1,0,0,"Post"
"817","Por","LTER1","Forereef","LTER1_OR_T01",2013,0,23,115,"Pre"
"818","Por","LTER1","Forereef","LTER1_OR_T01",2014,0,9,45,"Pre"
"819","Por","LTER1","Forereef","LTER1_OR_T01",2015,0,5,25,"Pre"
"820","Por","LTER1","Forereef","LTER1_OR_T01",2016,0,3,15,"Pre"
"821","Por","LTER1","Forereef","LTER1_OR_T01",2017,0,NA,NA,"Pre"
"822","Por","LTER1","Forereef","LTER1_OR_T01",2018,0,3,15,"Pre"
"823","Por","LTER1","Forereef","LTER1_OR_T01",2019,1,0,0,"Post"
"824","Por","LTER1","Forereef","LTER1_OR_T01",2020,1,0,0,"Post"
"825","Por","LTER1","Forereef","LTER1_OR_T01",2021,1,0,0,"Post"
"826","Por","LTER1","Forereef","LTER1_OR_T01",2022,1,0,0,"Post"
"827","Por","LTER1","Forereef","LTER1_OR_T01",2023,1,0,0,"Post"
"828","Por","LTER1","Forereef","LTER1_OR_T01",2024,1,0,0,"Post"
"829","Por","LTER1","Forereef","LTER1_OR_T02",2013,0,16,80,"Pre"
"830","Por","LTER1","Forereef","LTER1_OR_T02",2014,0,2,10,"Pre"
"831","Por","LTER1","Forereef","LTER1_OR_T02",2015,0,1,5,"Pre"
"832","Por","LTER1","Forereef","LTER1_OR_T02",2016,0,0,0,"Pre"
"833","Por","LTER1","Forereef","LTER1_OR_T02",2017,0,NA,NA,"Pre"
"834","Por","LTER1","Forereef","LTER1_OR_T02",2018,0,0,0,"Pre"
"835","Por","LTER1","Forereef","LTER1_OR_T02",2019,1,0,0,"Post"
"836","Por","LTER1","Forereef","LTER1_OR_T02",2020,1,0,0,"Post"
"837","Por","LTER1","Forereef","LTER1_OR_T02",2021,1,0,0,"Post"
"838","Por","LTER1","Forereef","LTER1_OR_T02",2022,1,0,0,"Post"
"839","Por","LTER1","Forereef","LTER1_OR_T02",2023,1,0,0,"Post"
"840","Por","LTER1","Forereef","LTER1_OR_T02",2024,1,2,10,"Post"
"841","Por","LTER1","Forereef","LTER1_OR_T03",2013,0,18,90,"Pre"
"842","Por","LTER1","Forereef","LTER1_OR_T03",2014,0,2,10,"Pre"
"843","Por","LTER1","Forereef","LTER1_OR_T03",2015,0,2,10,"Pre"
"844","Por","LTER1","Forereef","LTER1_OR_T03",2016,0,0,0,"Pre"
"845","Por","LTER1","Forereef","LTER1_OR_T03",2017,0,NA,NA,"Pre"
"846","Por","LTER1","Forereef","LTER1_OR_T03",2018,0,0,0,"Pre"
"847","Por","LTER1","Forereef","LTER1_OR_T03",2019,1,0,0,"Post"
"848","Por","LTER1","Forereef","LTER1_OR_T03",2020,1,0,0,"Post"
"849","Por","LTER1","Forereef","LTER1_OR_T03",2021,1,0,0,"Post"
"850","Por","LTER1","Forereef","LTER1_OR_T03",2022,1,0,0,"Post"
"851","Por","LTER1","Forereef","LTER1_OR_T03",2023,1,0,0,"Post"
"852","Por","LTER1","Forereef","LTER1_OR_T03",2024,1,0,0,"Post"
"853","Por","LTER1","Forereef","LTER1_OR_T04",2013,0,38,190,"Pre"
"854","Por","LTER1","Forereef","LTER1_OR_T04",2014,0,4,20,"Pre"
"855","Por","LTER1","Forereef","LTER1_OR_T04",2015,0,1,5,"Pre"
"856","Por","LTER1","Forereef","LTER1_OR_T04",2016,0,2,10,"Pre"
"857","Por","LTER1","Forereef","LTER1_OR_T04",2017,0,NA,NA,"Pre"
"858","Por","LTER1","Forereef","LTER1_OR_T04",2018,0,0,0,"Pre"
"859","Por","LTER1","Forereef","LTER1_OR_T04",2019,1,0,0,"Post"
"860","Por","LTER1","Forereef","LTER1_OR_T04",2020,1,0,0,"Post"
"861","Por","LTER1","Forereef","LTER1_OR_T04",2021,1,0,0,"Post"
"862","Por","LTER1","Forereef","LTER1_OR_T04",2022,1,0,0,"Post"
"863","Por","LTER1","Forereef","LTER1_OR_T04",2023,1,1,5,"Post"
"864","Por","LTER1","Forereef","LTER1_OR_T04",2024,1,0,0,"Post"
"865","Por","LTER2","Lagoon","LTER2_BR_T01",2013,0,143,143,"Pre"
"866","Por","LTER2","Lagoon","LTER2_BR_T01",2014,0,38,38,"Pre"
"867","Por","LTER2","Lagoon","LTER2_BR_T01",2015,0,9,9,"Pre"
"868","Por","LTER2","Lagoon","LTER2_BR_T01",2016,0,11,11,"Pre"
"869","Por","LTER2","Lagoon","LTER2_BR_T01",2017,0,NA,NA,"Pre"
"870","Por","LTER2","Lagoon","LTER2_BR_T01",2018,0,22,22,"Pre"
"871","Por","LTER2","Lagoon","LTER2_BR_T01",2019,1,1,1,"Post"
"872","Por","LTER2","Lagoon","LTER2_BR_T01",2020,1,0,0,"Post"
"873","Por","LTER2","Lagoon","LTER2_BR_T01",2021,1,8,8,"Post"
"874","Por","LTER2","Lagoon","LTER2_BR_T01",2022,1,1,1,"Post"
"875","Por","LTER2","Lagoon","LTER2_BR_T01",2023,1,0,0,"Post"
"876","Por","LTER2","Lagoon","LTER2_BR_T01",2024,1,0,0,"Post"
"877","Por","LTER2","Lagoon","LTER2_BR_T02",2013,0,19,19,"Pre"
"878","Por","LTER2","Lagoon","LTER2_BR_T02",2014,0,6,6,"Pre"
"879","Por","LTER2","Lagoon","LTER2_BR_T02",2015,0,3,3,"Pre"
"880","Por","LTER2","Lagoon","LTER2_BR_T02",2016,0,6,6,"Pre"
"881","Por","LTER2","Lagoon","LTER2_BR_T02",2017,0,NA,NA,"Pre"
"882","Por","LTER2","Lagoon","LTER2_BR_T02",2018,0,3,3,"Pre"
"883","Por","LTER2","Lagoon","LTER2_BR_T02",2019,1,0,0,"Post"
"884","Por","LTER2","Lagoon","LTER2_BR_T02",2020,1,0,0,"Post"
"885","Por","LTER2","Lagoon","LTER2_BR_T02",2021,1,1,1,"Post"
"886","Por","LTER2","Lagoon","LTER2_BR_T02",2022,1,0,0,"Post"
"887","Por","LTER2","Lagoon","LTER2_BR_T02",2023,1,1,1,"Post"
"888","Por","LTER2","Lagoon","LTER2_BR_T02",2024,1,0,0,"Post"
"889","Por","LTER2","Lagoon","LTER2_BR_T03",2013,0,25,25,"Pre"
"890","Por","LTER2","Lagoon","LTER2_BR_T03",2014,0,12,12,"Pre"
"891","Por","LTER2","Lagoon","LTER2_BR_T03",2015,0,5,5,"Pre"
"892","Por","LTER2","Lagoon","LTER2_BR_T03",2016,0,8,8,"Pre"
"893","Por","LTER2","Lagoon","LTER2_BR_T03",2017,0,NA,NA,"Pre"
"894","Por","LTER2","Lagoon","LTER2_BR_T03",2018,0,3,3,"Pre"
"895","Por","LTER2","Lagoon","LTER2_BR_T03",2019,1,1,1,"Post"
"896","Por","LTER2","Lagoon","LTER2_BR_T03",2020,1,2,2,"Post"
"897","Por","LTER2","Lagoon","LTER2_BR_T03",2021,1,0,0,"Post"
"898","Por","LTER2","Lagoon","LTER2_BR_T03",2022,1,0,0,"Post"
"899","Por","LTER2","Lagoon","LTER2_BR_T03",2023,1,0,0,"Post"
"900","Por","LTER2","Lagoon","LTER2_BR_T03",2024,1,0,0,"Post"
"901","Por","LTER2","Lagoon","LTER2_BR_T04",2013,0,26,26,"Pre"
"902","Por","LTER2","Lagoon","LTER2_BR_T04",2014,0,4,4,"Pre"
"903","Por","LTER2","Lagoon","LTER2_BR_T04",2015,0,2,2,"Pre"
"904","Por","LTER2","Lagoon","LTER2_BR_T04",2016,0,5,5,"Pre"
"905","Por","LTER2","Lagoon","LTER2_BR_T04",2017,0,NA,NA,"Pre"
"906","Por","LTER2","Lagoon","LTER2_BR_T04",2018,0,3,3,"Pre"
"907","Por","LTER2","Lagoon","LTER2_BR_T04",2019,1,4,4,"Post"
"908","Por","LTER2","Lagoon","LTER2_BR_T04",2020,1,1,1,"Post"
"909","Por","LTER2","Lagoon","LTER2_BR_T04",2021,1,1,1,"Post"
"910","Por","LTER2","Lagoon","LTER2_BR_T04",2022,1,2,2,"Post"
"911","Por","LTER2","Lagoon","LTER2_BR_T04",2023,1,1,1,"Post"
"912","Por","LTER2","Lagoon","LTER2_BR_T04",2024,1,0,0,"Post"
"913","Por","LTER2","Forereef","LTER2_OR_T01",2013,0,9,45,"Pre"
"914","Por","LTER2","Forereef","LTER2_OR_T01",2014,0,1,5,"Pre"
"915","Por","LTER2","Forereef","LTER2_OR_T01",2015,0,0,0,"Pre"
"916","Por","LTER2","Forereef","LTER2_OR_T01",2016,0,2,10,"Pre"
"917","Por","LTER2","Forereef","LTER2_OR_T01",2017,0,NA,NA,"Pre"
"918","Por","LTER2","Forereef","LTER2_OR_T01",2018,0,0,0,"Pre"
"919","Por","LTER2","Forereef","LTER2_OR_T01",2019,1,0,0,"Post"
"920","Por","LTER2","Forereef","LTER2_OR_T01",2020,1,0,0,"Post"
"921","Por","LTER2","Forereef","LTER2_OR_T01",2021,1,0,0,"Post"
"922","Por","LTER2","Forereef","LTER2_OR_T01",2022,1,0,0,"Post"
"923","Por","LTER2","Forereef","LTER2_OR_T01",2023,1,1,5,"Post"
"924","Por","LTER2","Forereef","LTER2_OR_T01",2024,1,0,0,"Post"
"925","Por","LTER2","Forereef","LTER2_OR_T02",2013,0,3,15,"Pre"
"926","Por","LTER2","Forereef","LTER2_OR_T02",2014,0,5,25,"Pre"
"927","Por","LTER2","Forereef","LTER2_OR_T02",2015,0,3,15,"Pre"
"928","Por","LTER2","Forereef","LTER2_OR_T02",2016,0,2,10,"Pre"
"929","Por","LTER2","Forereef","LTER2_OR_T02",2017,0,NA,NA,"Pre"
"930","Por","LTER2","Forereef","LTER2_OR_T02",2018,0,3,15,"Pre"
"931","Por","LTER2","Forereef","LTER2_OR_T02",2019,1,1,5,"Post"
"932","Por","LTER2","Forereef","LTER2_OR_T02",2020,1,0,0,"Post"
"933","Por","LTER2","Forereef","LTER2_OR_T02",2021,1,0,0,"Post"
"934","Por","LTER2","Forereef","LTER2_OR_T02",2022,1,0,0,"Post"
"935","Por","LTER2","Forereef","LTER2_OR_T02",2023,1,0,0,"Post"
"936","Por","LTER2","Forereef","LTER2_OR_T02",2024,1,0,0,"Post"
"937","Por","LTER2","Forereef","LTER2_OR_T03",2013,0,6,30,"Pre"
"938","Por","LTER2","Forereef","LTER2_OR_T03",2014,0,1,5,"Pre"
"939","Por","LTER2","Forereef","LTER2_OR_T03",2015,0,3,15,"Pre"
"940","Por","LTER2","Forereef","LTER2_OR_T03",2016,0,0,0,"Pre"
"941","Por","LTER2","Forereef","LTER2_OR_T03",2017,0,NA,NA,"Pre"
"942","Por","LTER2","Forereef","LTER2_OR_T03",2018,0,2,10,"Pre"
"943","Por","LTER2","Forereef","LTER2_OR_T03",2019,1,0,0,"Post"
"944","Por","LTER2","Forereef","LTER2_OR_T03",2020,1,0,0,"Post"
"945","Por","LTER2","Forereef","LTER2_OR_T03",2021,1,0,0,"Post"
"946","Por","LTER2","Forereef","LTER2_OR_T03",2022,1,0,0,"Post"
"947","Por","LTER2","Forereef","LTER2_OR_T03",2023,1,0,0,"Post"
"948","Por","LTER2","Forereef","LTER2_OR_T03",2024,1,0,0,"Post"
"949","Por","LTER2","Forereef","LTER2_OR_T04",2013,0,19,95,"Pre"
"950","Por","LTER2","Forereef","LTER2_OR_T04",2014,0,10,50,"Pre"
"951","Por","LTER2","Forereef","LTER2_OR_T04",2015,0,3,15,"Pre"
"952","Por","LTER2","Forereef","LTER2_OR_T04",2016,0,1,5,"Pre"
"953","Por","LTER2","Forereef","LTER2_OR_T04",2017,0,NA,NA,"Pre"
"954","Por","LTER2","Forereef","LTER2_OR_T04",2018,0,2,10,"Pre"
"955","Por","LTER2","Forereef","LTER2_OR_T04",2019,1,1,5,"Post"
"956","Por","LTER2","Forereef","LTER2_OR_T04",2020,1,0,0,"Post"
"957","Por","LTER2","Forereef","LTER2_OR_T04",2021,1,0,0,"Post"
"958","Por","LTER2","Forereef","LTER2_OR_T04",2022,1,0,0,"Post"
"959","Por","LTER2","Forereef","LTER2_OR_T04",2023,1,0,0,"Post"
"960","Por","LTER2","Forereef","LTER2_OR_T04",2024,1,1,5,"Post"
"961","Por","LTER4","Lagoon","LTER4_BR_T01",2013,0,91,91,"Pre"
"962","Por","LTER4","Lagoon","LTER4_BR_T01",2014,0,31,31,"Pre"
"963","Por","LTER4","Lagoon","LTER4_BR_T01",2015,0,6,6,"Pre"
"964","Por","LTER4","Lagoon","LTER4_BR_T01",2016,0,10,10,"Pre"
"965","Por","LTER4","Lagoon","LTER4_BR_T01",2017,0,NA,NA,"Pre"
"966","Por","LTER4","Lagoon","LTER4_BR_T01",2018,0,11,11,"Pre"
"967","Por","LTER4","Lagoon","LTER4_BR_T01",2019,1,5,5,"Post"
"968","Por","LTER4","Lagoon","LTER4_BR_T01",2020,1,1,1,"Post"
"969","Por","LTER4","Lagoon","LTER4_BR_T01",2021,1,2,2,"Post"
"970","Por","LTER4","Lagoon","LTER4_BR_T01",2022,1,0,0,"Post"
"971","Por","LTER4","Lagoon","LTER4_BR_T01",2023,1,4,4,"Post"
"972","Por","LTER4","Lagoon","LTER4_BR_T01",2024,1,0,0,"Post"
"973","Por","LTER4","Lagoon","LTER4_BR_T02",2013,0,31,31,"Pre"
"974","Por","LTER4","Lagoon","LTER4_BR_T02",2014,0,14,14,"Pre"
"975","Por","LTER4","Lagoon","LTER4_BR_T02",2015,0,11,11,"Pre"
"976","Por","LTER4","Lagoon","LTER4_BR_T02",2016,0,8,8,"Pre"
"977","Por","LTER4","Lagoon","LTER4_BR_T02",2017,0,NA,NA,"Pre"
"978","Por","LTER4","Lagoon","LTER4_BR_T02",2018,0,13,13,"Pre"
"979","Por","LTER4","Lagoon","LTER4_BR_T02",2019,1,6,6,"Post"
"980","Por","LTER4","Lagoon","LTER4_BR_T02",2020,1,0,0,"Post"
"981","Por","LTER4","Lagoon","LTER4_BR_T02",2021,1,1,1,"Post"
"982","Por","LTER4","Lagoon","LTER4_BR_T02",2022,1,0,0,"Post"
"983","Por","LTER4","Lagoon","LTER4_BR_T02",2023,1,0,0,"Post"
"984","Por","LTER4","Lagoon","LTER4_BR_T02",2024,1,0,0,"Post"
"985","Por","LTER4","Lagoon","LTER4_BR_T03",2013,0,39,39,"Pre"
"986","Por","LTER4","Lagoon","LTER4_BR_T03",2014,0,10,10,"Pre"
"987","Por","LTER4","Lagoon","LTER4_BR_T03",2015,0,20,20,"Pre"
"988","Por","LTER4","Lagoon","LTER4_BR_T03",2016,0,13,13,"Pre"
"989","Por","LTER4","Lagoon","LTER4_BR_T03",2017,0,NA,NA,"Pre"
"990","Por","LTER4","Lagoon","LTER4_BR_T03",2018,0,14,14,"Pre"
"991","Por","LTER4","Lagoon","LTER4_BR_T03",2019,1,12,12,"Post"
"992","Por","LTER4","Lagoon","LTER4_BR_T03",2020,1,12,12,"Post"
"993","Por","LTER4","Lagoon","LTER4_BR_T03",2021,1,4,4,"Post"
"994","Por","LTER4","Lagoon","LTER4_BR_T03",2022,1,6,6,"Post"
"995","Por","LTER4","Lagoon","LTER4_BR_T03",2023,1,0,0,"Post"
"996","Por","LTER4","Lagoon","LTER4_BR_T03",2024,1,0,0,"Post"
"997","Por","LTER4","Lagoon","LTER4_BR_T04",2013,0,12,12,"Pre"
"998","Por","LTER4","Lagoon","LTER4_BR_T04",2014,0,7,7,"Pre"
"999","Por","LTER4","Lagoon","LTER4_BR_T04",2015,0,11,11,"Pre"
"1000","Por","LTER4","Lagoon","LTER4_BR_T04",2016,0,6,6,"Pre"
"1001","Por","LTER4","Lagoon","LTER4_BR_T04",2017,0,NA,NA,"Pre"
"1002","Por","LTER4","Lagoon","LTER4_BR_T04",2018,0,12,12,"Pre"
"1003","Por","LTER4","Lagoon","LTER4_BR_T04",2019,1,7,7,"Post"
"1004","Por","LTER4","Lagoon","LTER4_BR_T04",2020,1,7,7,"Post"
"1005","Por","LTER4","Lagoon","LTER4_BR_T04",2021,1,2,2,"Post"
"1006","Por","LTER4","Lagoon","LTER4_BR_T04",2022,1,6,6,"Post"
"1007","Por","LTER4","Lagoon","LTER4_BR_T04",2023,1,1,1,"Post"
"1008","Por","LTER4","Lagoon","LTER4_BR_T04",2024,1,1,1,"Post"
"1009","Por","LTER4","Forereef","LTER4_OR_T01",2013,0,6,30,"Pre"
"1010","Por","LTER4","Forereef","LTER4_OR_T01",2014,0,3,15,"Pre"
"1011","Por","LTER4","Forereef","LTER4_OR_T01",2015,0,0,0,"Pre"
"1012","Por","LTER4","Forereef","LTER4_OR_T01",2016,0,1,5,"Pre"
"1013","Por","LTER4","Forereef","LTER4_OR_T01",2017,0,NA,NA,"Pre"
"1014","Por","LTER4","Forereef","LTER4_OR_T01",2018,0,0,0,"Pre"
"1015","Por","LTER4","Forereef","LTER4_OR_T01",2019,1,0,0,"Post"
"1016","Por","LTER4","Forereef","LTER4_OR_T01",2020,1,0,0,"Post"
"1017","Por","LTER4","Forereef","LTER4_OR_T01",2021,1,0,0,"Post"
"1018","Por","LTER4","Forereef","LTER4_OR_T01",2022,1,0,0,"Post"
"1019","Por","LTER4","Forereef","LTER4_OR_T01",2023,1,0,0,"Post"
"1020","Por","LTER4","Forereef","LTER4_OR_T01",2024,1,0,0,"Post"
"1021","Por","LTER4","Forereef","LTER4_OR_T02",2013,0,0,0,"Pre"
"1022","Por","LTER4","Forereef","LTER4_OR_T02",2014,0,0,0,"Pre"
"1023","Por","LTER4","Forereef","LTER4_OR_T02",2015,0,0,0,"Pre"
"1024","Por","LTER4","Forereef","LTER4_OR_T02",2016,0,0,0,"Pre"
"1025","Por","LTER4","Forereef","LTER4_OR_T02",2017,0,NA,NA,"Pre"
"1026","Por","LTER4","Forereef","LTER4_OR_T02",2018,0,0,0,"Pre"
"1027","Por","LTER4","Forereef","LTER4_OR_T02",2019,1,0,0,"Post"
"1028","Por","LTER4","Forereef","LTER4_OR_T02",2020,1,0,0,"Post"
"1029","Por","LTER4","Forereef","LTER4_OR_T02",2021,1,0,0,"Post"
"1030","Por","LTER4","Forereef","LTER4_OR_T02",2022,1,0,0,"Post"
"1031","Por","LTER4","Forereef","LTER4_OR_T02",2023,1,0,0,"Post"
"1032","Por","LTER4","Forereef","LTER4_OR_T02",2024,1,0,0,"Post"
"1033","Por","LTER4","Forereef","LTER4_OR_T03",2013,0,0,0,"Pre"
"1034","Por","LTER4","Forereef","LTER4_OR_T03",2014,0,0,0,"Pre"
"1035","Por","LTER4","Forereef","LTER4_OR_T03",2015,0,0,0,"Pre"
"1036","Por","LTER4","Forereef","LTER4_OR_T03",2016,0,0,0,"Pre"
"1037","Por","LTER4","Forereef","LTER4_OR_T03",2017,0,NA,NA,"Pre"
"1038","Por","LTER4","Forereef","LTER4_OR_T03",2018,0,0,0,"Pre"
"1039","Por","LTER4","Forereef","LTER4_OR_T03",2019,1,0,0,"Post"
"1040","Por","LTER4","Forereef","LTER4_OR_T03",2020,1,2,10,"Post"
"1041","Por","LTER4","Forereef","LTER4_OR_T03",2021,1,1,5,"Post"
"1042","Por","LTER4","Forereef","LTER4_OR_T03",2022,1,0,0,"Post"
"1043","Por","LTER4","Forereef","LTER4_OR_T03",2023,1,0,0,"Post"
"1044","Por","LTER4","Forereef","LTER4_OR_T03",2024,1,0,0,"Post"
"1045","Por","LTER4","Forereef","LTER4_OR_T04",2013,0,3,15,"Pre"
"1046","Por","LTER4","Forereef","LTER4_OR_T04",2014,0,1,5,"Pre"
"1047","Por","LTER4","Forereef","LTER4_OR_T04",2015,0,0,0,"Pre"
"1048","Por","LTER4","Forereef","LTER4_OR_T04",2016,0,1,5,"Pre"
"1049","Por","LTER4","Forereef","LTER4_OR_T04",2017,0,NA,NA,"Pre"
"1050","Por","LTER4","Forereef","LTER4_OR_T04",2018,0,0,0,"Pre"
"1051","Por","LTER4","Forereef","LTER4_OR_T04",2019,1,0,0,"Post"
"1052","Por","LTER4","Forereef","LTER4_OR_T04",2020,1,0,0,"Post"
"1053","Por","LTER4","Forereef","LTER4_OR_T04",2021,1,0,0,"Post"
"1054","Por","LTER4","Forereef","LTER4_OR_T04",2022,1,0,0,"Post"
"1055","Por","LTER4","Forereef","LTER4_OR_T04",2023,1,0,0,"Post"
"1056","Por","LTER4","Forereef","LTER4_OR_T04",2024,1,0,0,"Post"
"1057","Por","LTER5","Lagoon","LTER5_BR_T01",2013,0,161,161,"Pre"
"1058","Por","LTER5","Lagoon","LTER5_BR_T01",2014,0,16,16,"Pre"
"1059","Por","LTER5","Lagoon","LTER5_BR_T01",2015,0,9,9,"Pre"
"1060","Por","LTER5","Lagoon","LTER5_BR_T01",2016,0,11,11,"Pre"
"1061","Por","LTER5","Lagoon","LTER5_BR_T01",2017,0,NA,NA,"Pre"
"1062","Por","LTER5","Lagoon","LTER5_BR_T01",2018,0,16,16,"Pre"
"1063","Por","LTER5","Lagoon","LTER5_BR_T01",2019,1,1,1,"Post"
"1064","Por","LTER5","Lagoon","LTER5_BR_T01",2020,1,4,4,"Post"
"1065","Por","LTER5","Lagoon","LTER5_BR_T01",2021,1,1,1,"Post"
"1066","Por","LTER5","Lagoon","LTER5_BR_T01",2022,1,1,1,"Post"
"1067","Por","LTER5","Lagoon","LTER5_BR_T01",2023,1,0,0,"Post"
"1068","Por","LTER5","Lagoon","LTER5_BR_T01",2024,1,0,0,"Post"
"1069","Por","LTER5","Lagoon","LTER5_BR_T02",2013,0,32,32,"Pre"
"1070","Por","LTER5","Lagoon","LTER5_BR_T02",2014,0,9,9,"Pre"
"1071","Por","LTER5","Lagoon","LTER5_BR_T02",2015,0,14,14,"Pre"
"1072","Por","LTER5","Lagoon","LTER5_BR_T02",2016,0,19,19,"Pre"
"1073","Por","LTER5","Lagoon","LTER5_BR_T02",2017,0,NA,NA,"Pre"
"1074","Por","LTER5","Lagoon","LTER5_BR_T02",2018,0,20,20,"Pre"
"1075","Por","LTER5","Lagoon","LTER5_BR_T02",2019,1,6,6,"Post"
"1076","Por","LTER5","Lagoon","LTER5_BR_T02",2020,1,1,1,"Post"
"1077","Por","LTER5","Lagoon","LTER5_BR_T02",2021,1,0,0,"Post"
"1078","Por","LTER5","Lagoon","LTER5_BR_T02",2022,1,2,2,"Post"
"1079","Por","LTER5","Lagoon","LTER5_BR_T02",2023,1,0,0,"Post"
"1080","Por","LTER5","Lagoon","LTER5_BR_T02",2024,1,1,1,"Post"
"1081","Por","LTER5","Lagoon","LTER5_BR_T03",2013,0,17,17,"Pre"
"1082","Por","LTER5","Lagoon","LTER5_BR_T03",2014,0,2,2,"Pre"
"1083","Por","LTER5","Lagoon","LTER5_BR_T03",2015,0,13,13,"Pre"
"1084","Por","LTER5","Lagoon","LTER5_BR_T03",2016,0,9,9,"Pre"
"1085","Por","LTER5","Lagoon","LTER5_BR_T03",2017,0,NA,NA,"Pre"
"1086","Por","LTER5","Lagoon","LTER5_BR_T03",2018,0,7,7,"Pre"
"1087","Por","LTER5","Lagoon","LTER5_BR_T03",2019,1,5,5,"Post"
"1088","Por","LTER5","Lagoon","LTER5_BR_T03",2020,1,2,2,"Post"
"1089","Por","LTER5","Lagoon","LTER5_BR_T03",2021,1,5,5,"Post"
"1090","Por","LTER5","Lagoon","LTER5_BR_T03",2022,1,0,0,"Post"
"1091","Por","LTER5","Lagoon","LTER5_BR_T03",2023,1,2,2,"Post"
"1092","Por","LTER5","Lagoon","LTER5_BR_T03",2024,1,0,0,"Post"
"1093","Por","LTER5","Lagoon","LTER5_BR_T04",2013,0,22,22,"Pre"
"1094","Por","LTER5","Lagoon","LTER5_BR_T04",2014,0,3,3,"Pre"
"1095","Por","LTER5","Lagoon","LTER5_BR_T04",2015,0,0,0,"Pre"
"1096","Por","LTER5","Lagoon","LTER5_BR_T04",2016,0,6,6,"Pre"
"1097","Por","LTER5","Lagoon","LTER5_BR_T04",2017,0,NA,NA,"Pre"
"1098","Por","LTER5","Lagoon","LTER5_BR_T04",2018,0,2,2,"Pre"
"1099","Por","LTER5","Lagoon","LTER5_BR_T04",2019,1,1,1,"Post"
"1100","Por","LTER5","Lagoon","LTER5_BR_T04",2020,1,3,3,"Post"
"1101","Por","LTER5","Lagoon","LTER5_BR_T04",2021,1,1,1,"Post"
"1102","Por","LTER5","Lagoon","LTER5_BR_T04",2022,1,3,3,"Post"
"1103","Por","LTER5","Lagoon","LTER5_BR_T04",2023,1,0,0,"Post"
"1104","Por","LTER5","Lagoon","LTER5_BR_T04",2024,1,0,0,"Post"
"1105","Por","LTER5","Forereef","LTER5_OR_T01",2013,0,6,30,"Pre"
"1106","Por","LTER5","Forereef","LTER5_OR_T01",2014,0,2,10,"Pre"
"1107","Por","LTER5","Forereef","LTER5_OR_T01",2015,0,4,20,"Pre"
"1108","Por","LTER5","Forereef","LTER5_OR_T01",2016,0,1,5,"Pre"
"1109","Por","LTER5","Forereef","LTER5_OR_T01",2017,0,NA,NA,"Pre"
"1110","Por","LTER5","Forereef","LTER5_OR_T01",2018,0,0,0,"Pre"
"1111","Por","LTER5","Forereef","LTER5_OR_T01",2019,1,0,0,"Post"
"1112","Por","LTER5","Forereef","LTER5_OR_T01",2020,1,0,0,"Post"
"1113","Por","LTER5","Forereef","LTER5_OR_T01",2021,1,1,5,"Post"
"1114","Por","LTER5","Forereef","LTER5_OR_T01",2022,1,3,15,"Post"
"1115","Por","LTER5","Forereef","LTER5_OR_T01",2023,1,1,5,"Post"
"1116","Por","LTER5","Forereef","LTER5_OR_T01",2024,1,0,0,"Post"
"1117","Por","LTER5","Forereef","LTER5_OR_T02",2013,0,2,10,"Pre"
"1118","Por","LTER5","Forereef","LTER5_OR_T02",2014,0,1,5,"Pre"
"1119","Por","LTER5","Forereef","LTER5_OR_T02",2015,0,0,0,"Pre"
"1120","Por","LTER5","Forereef","LTER5_OR_T02",2016,0,2,10,"Pre"
"1121","Por","LTER5","Forereef","LTER5_OR_T02",2017,0,NA,NA,"Pre"
"1122","Por","LTER5","Forereef","LTER5_OR_T02",2018,0,1,5,"Pre"
"1123","Por","LTER5","Forereef","LTER5_OR_T02",2019,1,0,0,"Post"
"1124","Por","LTER5","Forereef","LTER5_OR_T02",2020,1,1,5,"Post"
"1125","Por","LTER5","Forereef","LTER5_OR_T02",2021,1,2,10,"Post"
"1126","Por","LTER5","Forereef","LTER5_OR_T02",2022,1,0,0,"Post"
"1127","Por","LTER5","Forereef","LTER5_OR_T02",2023,1,0,0,"Post"
"1128","Por","LTER5","Forereef","LTER5_OR_T02",2024,1,0,0,"Post"
"1129","Por","LTER5","Forereef","LTER5_OR_T03",2013,0,13,65,"Pre"
"1130","Por","LTER5","Forereef","LTER5_OR_T03",2014,0,1,5,"Pre"
"1131","Por","LTER5","Forereef","LTER5_OR_T03",2015,0,1,5,"Pre"
"1132","Por","LTER5","Forereef","LTER5_OR_T03",2016,0,3,15,"Pre"
"1133","Por","LTER5","Forereef","LTER5_OR_T03",2017,0,NA,NA,"Pre"
"1134","Por","LTER5","Forereef","LTER5_OR_T03",2018,0,1,5,"Pre"
"1135","Por","LTER5","Forereef","LTER5_OR_T03",2019,1,0,0,"Post"
"1136","Por","LTER5","Forereef","LTER5_OR_T03",2020,1,0,0,"Post"
"1137","Por","LTER5","Forereef","LTER5_OR_T03",2021,1,0,0,"Post"
"1138","Por","LTER5","Forereef","LTER5_OR_T03",2022,1,0,0,"Post"
"1139","Por","LTER5","Forereef","LTER5_OR_T03",2023,1,0,0,"Post"
"1140","Por","LTER5","Forereef","LTER5_OR_T03",2024,1,1,5,"Post"
"1141","Por","LTER5","Forereef","LTER5_OR_T04",2013,0,0,0,"Pre"
"1142","Por","LTER5","Forereef","LTER5_OR_T04",2014,0,0,0,"Pre"
"1143","Por","LTER5","Forereef","LTER5_OR_T04",2015,0,0,0,"Pre"
"1144","Por","LTER5","Forereef","LTER5_OR_T04",2016,0,0,0,"Pre"
"1145","Por","LTER5","Forereef","LTER5_OR_T04",2017,0,NA,NA,"Pre"
"1146","Por","LTER5","Forereef","LTER5_OR_T04",2018,0,0,0,"Pre"
"1147","Por","LTER5","Forereef","LTER5_OR_T04",2019,1,0,0,"Post"
"1148","Por","LTER5","Forereef","LTER5_OR_T04",2020,1,3,15,"Post"
"1149","Por","LTER5","Forereef","LTER5_OR_T04",2021,1,0,0,"Post"
"1150","Por","LTER5","Forereef","LTER5_OR_T04",2022,1,3,15,"Post"
"1151","Por","LTER5","Forereef","LTER5_OR_T04",2023,1,0,0,"Post"
"1152","Por","LTER5","Forereef","LTER5_OR_T04",2024,1,2,10,"Post"
